transaction_id,customer_id,project_id,unit_id,demand_amount,collected_amount,outstanding_amount,discount_amount,refund_amount,payment_delay_days,demand_date,payment_date
,CECHL3Y,,UNIT497,6992312,913081002,-1316632373,,,,2025-11-16,
TXN372,CLYJAPN,TERRA,UNIT26,,3699533,109360731,,,446,,
,CJSZVFA,,UNIT329,,37033818,629182500,,,1969,,
TXN350,CJ6VK0C,ZENITH,,698530764,,,,,215,,
TXN474,CC63TRE,,,,,,,,,,
TXN634,CP3L8CU,ZENITH,UNIT4,315631486,470469286,,,,,,
TXN449,CYXBTB3,,,17310961,15047109,-1725319,,,1958,,
TXN492,CT29QZG,,,15293970,90217750,297714686,,,,,
,CUVEDYD,,UNIT326,13778187,17359721,86004702,,,,,
TXN724,CF9FCY1,,,22533202,88898281,631290359,,,3331,,
TXN699,CURCHHQ,,,473720313,949735172,-78170851,,,,,
TXN213,CZCWMYR,,UNIT59,26549090,12874423,,,,855,,
,CNVYUK8,GREEN,UNIT470,348831533,12726045,238352744,,,2518,,
,CVVZ3PY,,,19195644,11160066,,,,1874,,
TXN656,CVQ7ZNG,,UNIT292,24132721,19280218,,,,3549,,2026-02-10
,CZ37SMX,,UNIT378,657035591,706972354,,,,447,,
TXN213,CG1RBPH,,UNIT633,18310877,814826490,,,,,,
TXN167,C1AP9GZ,,,,398678015,631006225,,,,2025-05-12,
TXN786,C581970,,UNIT213,2393267,271050160,-485582051,,,,,
TXN157,CKSCT8E,,UNIT166,842790570,-3098985,,193876711,,,2025-12-12,
TXN635,CF8ED7Z,,UNIT235,36221532,212121628,,,,,,
,CW0RH6Q,,,-5487523,625108239,-350931082,,,,,2024-07-17
,CMAAY8Q,,UNIT354,14625707,917465055,,,,868,,
,CZJM489,,UNIT352,,50075800,,,,,,
TXN30,C5PMZLR,,UNIT275,,53303139,741003852,,,216,,
TXN785,CRHX6DD,GREEN,UNIT497,15616548,377464612,699366088,,,,2025-08-19,
TXN564,CRDNXRQ,ZENITH,,665982423,31131913,,,,,,
TXN427,C3WMQ4H,ZENITH,UNIT346,748849,5219206,-263922108,,,,,
TXN60,CM1BFFD,,UNIT368,965778522,126337540,,,,,,
,CKXW9X9,,UNIT232,19502324,,,,,,,
TXN303,C1FQBQ3,,,6611026,7803950,711499338,,,1362,,
,CRAMH96,,UNIT173,165676717,521417287,,,,,,
,CPYFDD7,,UNIT271,11594334,-119318,,,,1541,,
,C593WTW,APEX,UNIT661,-4026040,9641348,,,,,2025-06-29,
TXN752,C9S2R04,,UNIT619,214744573,909419486,-522760364,,,,,
TXN296,CAMNDSH,,,17786621,584975370,388352263,,,,,
,CSN2740,,UNIT616,26317579,634513509,-835204068,,,,,
TXN205,C2QYYYW,,UNIT395,15281251,369978354,,,,,,
TXN172,CP5TRUC,APEX,UNIT237,52584370,288547258,,175887267,,,,
TXN498,C756H51,,UNIT495,6645684,479970984,63616994,,,,,2027-11-18
,CSVKHV2,,UNIT576,25379165,13454496,-675552730,,,,,
TXN264,CPRKJ3K,APEX,UNIT84,-289064,638296506,-526752322,,,,,
TXN510,C9QWAGU,,,-3355067,585247530,358284379,,,,,
,CBJZ69P,,UNIT600,28948705,320622783,,,,,,2025-01-05
,CA810J9,,,-749163,29835443,497444439,,,821,,
,CTSJRGN,,,630510463,951204308,241777892,,,2980,,
TXN433,CYYLGMT,,UNIT110,5150439,30271873,331053555,,,,2026-08-30,
,C4H9W6J,,UNIT272,510428840,16908710,,,,,,
,CJ0FL8J,,,787527,330060096,,,,,,
TXN188,CVGX2Y8,,UNIT653,-5265021,14000006,624859243,,,,,
,CYPZKSH,ZENITH,,7317383,185882778,-22925987,,,2174,,
TXN421,C1A3XYT,,,541398849,590785792,,,,,,
,CY9F7VC,ZENITH,UNIT358,,8101484,46223649,,,,,
TXN543,CFRE166,,,222780790,792957100,445320219,,,1746,,
TXN6,CR5LC71,,UNIT167,,,954041585,,,,,
TXN34,C9GG6RG,,UNIT418,1590723,415643752,,,,,,
,C9QXD0W,,UNIT579,12263874,185700,,,,,,
TXN127,CZ1YE5F,,UNIT81,482742934,307503125,461537148,,,,,
,C9JZ7ST,,UNIT307,,651797679,-442937955,,,122,,
,CFFCJXT,,UNIT126,12944391,193288859,441892676,,,,,2024-05-26
TXN286,CTPQBM8,TERRA,,-5422127,716465400,,,,,,
,CVZTFCW,ZENITH,,-3857197,36086585,626622254,,,,,
,C9MSDJ6,,,21913714,587286612,470636612,,,,2026-08-20,
,CTABSPT,ZENITH,UNIT203,17644133,45090632,429598411,,,,,
,CEV5MY7,,UNIT271,27401636,146788003,,,,2380,,
,CW7C8FX,,UNIT239,2941618,768061517,-804341748,,,,,
,CL4DTD8,,,73057177,285608665,-503587854,,,826,,
,CL67VSD,,UNIT96,4521448,39025192,766539255,,,858,,
,C9V0CKM,,UNIT202,173391282,585793592,,,,,,
TXN696,CFLXQ6W,,UNIT108,813117222,533415007,369952955,,,,,
TXN221,CJWFVLJ,TERRA,,112169877,37855398,,,,,,
TXN753,CHCQMXM,,UNIT480,21573172,15739127,,,,3089,,
,CFBAXWW,ZENITH,,7694703,23964937,,,,,2026-07-31,
,CUYRVXX,APEX,UNIT346,11559970,22424267,,,,2050,,
,CXYLQQ9,,UNIT606,28361335,641477933,,,,,,
TXN443,,GREEN,,,220698873,,,,790,,
,CRS8VY1,APEX,UNIT291,1363299,134619455,,,,,,
TXN617,C9PEV8X,GREEN,,,23514168,907982278,,,998,,
TXN750,CKQ1ETW,,UNIT325,7711953,,451200582,,,,,
TXN609,CCD8TCB,,UNIT572,594234727,597920956,,,,,,
,C5W0P1M,,,28180166,4908301,,,,-176,,2025-03-29
,CU0Z40B,TERRA,,12965230,156185667,421270421,,,,,
,CURY1QB,TERRA,UNIT188,10187318,737654359,,,,,,
TXN301,CMWFKSF,,UNIT316,20681712,413373723,560258774,,,,,
TXN691,CCX7A5A,,,710843750,124464440,606413212,,,1303,,
,CE0Q1BU,,UNIT80,23895994,725263943,-731262987,,,,,
,CH01QFZ,,UNIT467,24548028,,,,,,,
TXN707,CQEG4S1,,UNIT57,10302011,33232227,672562964,,,,,
,C08BYFM,,UNIT301,4372619,,374500009,,,,,
TXN44,CL38TNS,,UNIT611,,17466270,,,,,2025-05-12,
,CLKMFS0,GREEN,UNIT320,25037324,-1192585,,,,1551,,
,C2CGAL9,,,147941027,11616775,658703067,,,350,,2025-07-29
TXN790,CJRQXCW,APEX,UNIT142,-972345,113132300,-670799775,,,,,
,CC5VDK3,,UNIT532,669108261,81630971,781056233,,,3290,,2024-08-12
TXN257,C99WV6M,,UNIT106,26091433,934185670,,,,,,
TXN368,CNUAC1G,,,,,-441978225,,,,,
,CYHV7CJ,,UNIT159,555314468,30222929,1185775628,,,,,
,C138GDV,,,29532817,724977620,487880987,,,,,
TXN754,CKYYQSW,,UNIT69,,10018814,,,,,,
,C8RERAB,,UNIT633,491015345,114553507,-119143258,,,,,
,CE5QD8M,ZENITH,UNIT281,700339174,43074067,,,,,,
,CHRFFMX,ZENITH,UNIT687,11190649,-1854562,272000954,,,,,
TXN681,CYR413R,APEX,UNIT236,-1691215,937088324,,,,,,
TXN222,CN1WUNE,,UNIT362,23159571,598383612,,,,467,,
TXN688,CDZ14CA,,,27449303,5176830,,,,,,
,C52KKU0,ZENITH,UNIT170,22947945,20323349,,,,,,
,C7W3BAP,,UNIT235,726913743,,86062069,,,1507,,
,CACKDST,TERRA,UNIT185,208960363,124887744,,,,3302,,
TXN221,CK1RG7T,,,-1558573,433665115,175082033,,,1456,,
TXN389,C4FTXWJ,,UNIT370,-2991933,715099619,,,,,,
TXN658,CN4V4XF,,UNIT295,2420127,,,,,,,
TXN51,CCF6F75,TERRA,UNIT38,12525399,17299133,163213568,,,757,,
,C4H19NB,,,-1848279,14032901,728035589,,,1440,,
,CQHZYYS,,UNIT171,560712134,784965935,62495452,,,383,,2026-05-18
TXN49,CXS14N1,,UNIT513,15440231,546152694,,,530055778,,,
TXN552,CKWGM0P,ZENITH,UNIT143,,220369037,210599741,,,,,
TXN394,CW0V8LS,ZENITH,UNIT122,4114763,24364085,,,,2156,,
TXN562,CUM7GFE,TERRA,UNIT441,15048603,662066636,,,,,,
,CDB30VK,,UNIT516,1030074,83233283,-738426100,,,,,
TXN207,CCLBK1P,TERRA,UNIT246,25660098,4626826,,,,,,
,CDNU28A,,UNIT454,878565236,10589141,1562787925,,,,,
TXN549,C084D6X,ZENITH,,,24611714,,,,,,
TXN51,CCZ93CR,,,6319885,363495011,,,,2647,,
TXN321,CMQEH6J,,UNIT619,6611188,767643274,,,,,,
TXN759,CGN18NM,,UNIT114,29100737,211292351,755674056,,,,,
TXN360,C5FJY3F,,UNIT72,,569919259,86596485,,,509,,
,CTYF0HB,,,79658415,939190790,,,,,,2026-02-03
TXN96,CZ2AEUM,GREEN,UNIT80,21753248,786522473,-178659430,,,,,
TXN740,CSR54W8,,,18940724,15699436,,,,,,
,CB31FZ8,APEX,UNIT504,637050,65893475,-985253361,,,1909,2026-06-29,
TXN280,CPZL97D,,,1558987,19171823,250419264,,,,,
TXN162,C6E5L39,,,21966153,,340567495,,,,,
,C5N80G5,TERRA,UNIT651,12685326,37895944,37525916,,,,,2026-12-02
TXN562,CQ1LKHP,,UNIT24,652314622,649852858,,,,,2025-07-12,
,CF9P5EQ,,UNIT414,8304705,718451806,-253930648,158666095,,,,
,CS7KVNS,,UNIT253,-3473187,823124962,-622994164,,,,,
TXN170,CYYX4TX,,UNIT397,341482064,843006455,202637102,,,,,2030-07-31
TXN342,C8NVVWB,,UNIT468,14639372,171278706,,,,,,
TXN747,CTUX4YT,GREEN,UNIT218,760693070,866724668,240227620,,,,,
TXN403,C07S8AJ,APEX,UNIT467,799110977,130552393,1447545465,,,,,
,C94JL58,,,16553268,694931970,930360562,,,,,
,C8V4MRT,,,128420234,535320978,,,,427,,
,C9TQJLL,ZENITH,UNIT685,449123164,-2047810,417245796,,,,,
TXN527,C58VL0X,,UNIT331,22412510,10254697,94611400,,,,,
,CH6SWND,,UNIT561,441979383,9108177,,,,,,
,CA1CAPV,,,432587766,340434087,787197929,,,-285,,
,C9X4A8A,APEX,UNIT515,772750455,11215299,288133312,,,,,
TXN697,C6ZL8QU,,UNIT325,,573712992,92454058,,,,,
,CP815NX,,UNIT323,,595137367,,,,,,
,CJM1WMU,GREEN,UNIT538,26643405,27736311,844983084,,,,,
,CAUJ9JW,ZENITH,UNIT641,13589559,370375180,208430808,,,,,
TXN583,CSD0VKX,,UNIT90,-1697226,38099922,,,,,,
,,,UNIT500,24931682,75062818,202190170,,,,,
TXN311,CSMVWS7,,,23310512,342175856,56977475,,,1291,,
TXN667,C8AG2J7,,UNIT21,-1789083,37736130,,,,,,
,CNVXCH9,,UNIT101,13845239,517562927,-415330482,,,645,,
,C4GB6FT,ZENITH,UNIT447,-546858,9251235,,,,,,
,CTXNB9R,,,20612322,19132893,,,,,,
TXN329,CXBZN67,,,29257118,36649495,-578943877,,,,,
,CH42LMJ,,UNIT434,,,401676770,,,,,
,C69GEVU,,UNIT466,1498989,,,,,1132,,
,CWNWTSS,,UNIT289,19258668,585391406,-320883308,,,,,
TXN220,CWQEV2S,,UNIT448,353385006,7568956,220906031,,,,,
,CGEP5NK,,,861173822,481428867,508028358,,,,,
,C56RMG6,TERRA,,17046972,122041170,538827934,,,,,
TXN111,CKD2FBN,ZENITH,,147742654,14734147,,,,,2025-10-20,
,C18VU6E,,UNIT391,438099427,989152850,194495607,,,,,2025-12-24
,CH7P96F,GREEN,,815633241,513974744,684991621,,,,,
,CNPG6TF,TERRA,UNIT147,24796989,735546227,-271795605,,,,,
,CKRMTXK,,UNIT199,25169909,603908890,,,,719,,
,CZ8KHCJ,TERRA,UNIT257,14241287,7930172,480426489,,,,,
,CNSBPR2,,UNIT94,563240490,30662404,978966558,,,,,
,CWZ9LJT,TERRA,,11244074,694229454,,,,,,
TXN710,C2ZCSZ8,,UNIT136,21589960,315099284,,,,1973,,
TXN773,CDN3D3Y,APEX,UNIT301,23038611,28427649,-55937651,,,465,,2025-05-02
TXN331,C2G708S,,,12425842,302598779,,,,834,,2028-04-28
,CRFZHGC,,UNIT545,17295161,,204814122,,,,,
,CUDZV1D,ZENITH,UNIT508,13838728,39592517,-91355736,,,,2026-03-26,2025-05-30
,CF5LQQR,,UNIT629,25304116,236648169,797404857,,,,,
TXN522,CN6CA5C,,UNIT608,38370610,735604816,-626838909,,,2626,,
,CV8H5V0,APEX,UNIT389,693843943,,,,,,,
TXN796,CEDU1VM,,UNIT428,810533582,207849477,,,,,2025-08-21,
,CP1BJUQ,APEX,UNIT466,561212631,31764580,,,,,2025-02-27,
,CLTRH06,,UNIT174,-1704107,-152003,651063068,,,,,
,CBJXR0F,,UNIT389,2977936,69834432,,,,,,
TXN65,CK4T27E,,,3254960,35550385,537393953,,,,,
,CKP2B3S,,UNIT261,26546495,340156670,328565252,190441162,,,,
,C41G7QX,GREEN,UNIT89,10942823,76061295,,,,,,
,CHU64UY,ZENITH,UNIT19,590336273,340403188,329931677,,,,,
,CESPLTN,TERRA,UNIT677,-2299424,2195656,932449987,,,3172,,
,CDBTGKK,,UNIT143,472142657,834755044,,,,477,,
,CBHK8JV,,UNIT534,,149349137,685378712,,,,2026-02-16,
,CWKZZMT,,,832990619,23690785,,,,900,,
TXN170,C7X75WL,TERRA,,417853775,261338384,,,,,,
TXN731,CTWDN39,TERRA,UNIT529,24702027,358143714,,,,,2026-01-04,
,CS4S7QY,,UNIT456,711628894,168268642,121574216,,,23,,
,CE5M3W1,,UNIT638,25929823,533766395,,,,,,
TXN521,C5P0D82,,UNIT57,,41449064,801689375,,,,,
,CW9X2ZT,GREEN,UNIT393,2684607,19365701,375874851,,,22,,
,C4AW4UZ,,,-3903137,167735108,634987658,,,,,
,CHX6W32,,,,3367759,,,,,,
TXN137,C9NHVZZ,,UNIT428,,560392168,,,,1356,2025-09-13,
TXN323,C695H9B,,,521183013,702533831,,,,,,
,CM8KABC,,UNIT13,12462670,165243616,293524642,,,3559,2025-09-01,
TXN313,CT7DWSE,,UNIT605,24151309,-888933,,,,,,
TXN267,C2855SV,,UNIT193,,693415790,,73115797,,,,
,C33B3QK,TERRA,,29413711,,-233141989,,,,,
TXN246,CNC7BAC,,UNIT590,26983962,597606307,124334596,,,,,
,CHC878W,,UNIT14,27729553,435921150,,,,133,,
TXN178,C12D8ZR,,,-5576477,232058753,,,,,,
TXN341,CEF8PTL,,UNIT588,949447464,32015234,60750488,,,,,
,C6DVKF6,,UNIT591,-3980294,8540396,,,,,,
TXN121,C4TGNS3,,,,710916799,-259483273,,,577,,
,C0DNWXE,,UNIT538,23049890,25113791,,,,,,2025-01-01
TXN781,CCV1M32,TERRA,UNIT99,940407688,26230691,680701578,,,228,,
,CB3D4AK,GREEN,UNIT5,25333549,996826626,,,,1866,,
,CFTHKZY,APEX,,266121641,522940247,-634921434,,,,,
,C5YLEJP,,,13420398,312061100,544240856,,,,,
,CW3GWXE,,,-1621833,458952673,264106974,,,,2025-11-14,
,CTQC6M3,,UNIT119,552385114,657740465,386849147,,,,,2025-02-03
TXN224,C8U7YJV,,UNIT16,140277715,10017062,388958990,,,,,
,C1YNJ5C,,,6862647,378435152,718351839,,,,,
,CGV1Q9T,,UNIT292,-2743715,178374365,-399531916,,,,,
,CH7NRMQ,ZENITH,,,611488088,527869929,,,,,
TXN509,C7EUB1L,,UNIT389,8210074,26626220,746891907,,,,,
,CSC6QLW,TERRA,,856643,24953977,935086060,,,,,
TXN731,C3FJTFG,,,1207688,24347643,,,,889,,
TXN223,CCTKHDW,,,13757995,411117290,-350534321,,,,,
TXN53,C70SQJA,,UNIT535,217787606,191210202,,,,,,
TXN441,CPC0XNJ,TERRA,UNIT417,3951128,16942425,,,,2611,,2024-07-09
,CEXBV4E,,UNIT518,8753137,427779880,10281424,,,,,
TXN708,CPR88C4,,UNIT125,1230193,805897499,,,,,,
,CWQVQ3H,,,778974606,902256978,,,,,,
TXN289,C8V25UU,,UNIT457,,96935749,5633482,,,3296,,
TXN731,C7ZZWF9,,UNIT77,1411521,332353045,-117175377,,,,,
,CW49VKV,GREEN,,22408305,30439770,,,,,,
TXN219,CEFV97R,ZENITH,UNIT58,6683042,804517549,-579095623,,,862,,2028-06-02
TXN312,CCDJZ7E,,UNIT574,831130778,5072546,,,,,,
TXN197,C35KA8V,GREEN,UNIT131,19462203,430287379,788963099,,,,,
TXN615,C04K57C,TERRA,UNIT200,-3872891,936496662,364955466,,,2525,2025-03-28,
TXN256,C7CKRZ0,,UNIT403,,18029622,45308289,,,,,
,CSVLM4V,ZENITH,UNIT495,321159478,9854969,878709969,,,,,
TXN249,,,UNIT514,8625325,14315147,824236102,,,,,
TXN58,CT6CW4P,,UNIT411,915179742,10718721,-55122716,,,3498,,
TXN492,C627SPY,,,851540027,18794233,,,,-138,,
,CZA93QW,,,11653897,13963593,,,,,,
,CBCTZ2N,APEX,UNIT348,678103064,2571182,1603468109,,,,2026-02-19,
,,,,2497894,5896247,-205389280,,,2197,,
,C90DYYH,,UNIT20,312484046,710812057,,,,2694,,
,C0W2GFY,,UNIT165,,293887062,,,,,,
,CL77H9H,,UNIT465,951390917,-3037363,327544232,,,,,
TXN709,CMW37UK,TERRA,,1398855,24985207,980278602,,,,,
TXN89,CL2EZA7,,,10020058,139446655,339906923,,,,,
,C2BST9Y,,UNIT481,9427059,959284373,120560892,,,,,
TXN619,CBHKYNW,,,301217076,371103250,350117956,,,,,
,C2PHEMU,GREEN,UNIT280,778702552,,-36272791,,,992,,
TXN347,CMJGH3Z,,,,163975072,,,,3138,,
,C7HZ16A,TERRA,UNIT261,24458047,459627901,391123911,,,2235,,
,CLKW3SR,TERRA,UNIT616,23247193,,,,,-137,,
,C8EY71T,GREEN,,17757667,918545306,,,,,,
,CQV8SPM,GREEN,UNIT651,28097746,581513326,543344084,,,,,
TXN183,CLA4TKD,,UNIT401,,19315745,755185706,,,,,
TXN499,CG5G4F0,ZENITH,UNIT682,288009903,579745471,-668202978,,,,,
TXN306,CFG8MUD,APEX,UNIT144,9395509,290429273,450855752,,,,,
,C43DYLU,,UNIT362,365606190,36278387,893404831,,,,,
,C5L5LKF,,UNIT334,19641430,24852318,972682211,,,797,,
,C5ER1RP,,UNIT333,989860,622289030,,,,,,
TXN694,C5ZMRUQ,GREEN,UNIT181,227859742,225014925,,,,,,
,C60SEPN,,UNIT655,96050682,41812999,,,,,,
,C5SVNSQ,,,741202245,34774494,143914486,,,2004,,2026-03-04
TXN190,CNNP3CL,,UNIT202,17857984,348948862,193801016,,,,,
,CWQ3FQB,,,,639272266,460054260,,,,,
,CS7Q5Q8,TERRA,UNIT260,6350827,800993354,-1199105216,,,-45,,
,CGEL2DU,,UNIT212,-572996,694149947,159669015,,,691,,
TXN92,CHX3H5B,,UNIT500,660625953,14390418,108308790,,,,,
TXN529,CXC8K5L,APEX,,,310416998,121834124,,,,,2025-07-28
,CDXF695,TERRA,UNIT440,2069331,7865013,474137185,,,,,
TXN380,CAH3B9R,TERRA,,331599155,188706038,165208983,,,,,
,CXHWG2X,,UNIT625,733573549,932425139,22972705,,,-209,2025-08-14,
,CFAD7MF,GREEN,,372264832,511344279,,,,-272,,
TXN633,CUD4VFJ,,UNIT535,13612720,-1067867,688181377,,,,,
TXN325,CW1VGUZ,GREEN,UNIT519,-4707806,298663460,,,,,2025-08-08,
TXN786,CMLPHAB,,,288255241,5301381,389968872,,,,,
TXN350,CFTJ6HX,GREEN,,316944419,945727232,,,,3611,,
,C7JVJ13,,UNIT123,16963038,35155202,,,,3572,,2026-02-18
,C4V4DTG,APEX,UNIT385,,255380180,56107369,,,,,
TXN350,C3P0A6H,,UNIT297,21264568,10022139,,,,2733,,
TXN664,CEF5NL2,,UNIT118,512436629,137328351,,,,,,
TXN201,C1W0LS2,,UNIT194,262048347,644320,262878227,,,,,
TXN273,CQK7EBW,,UNIT547,10159602,21168176,115982363,,,,,
TXN51,CVDD1R2,,UNIT111,18420328,551573853,,,,,,
,CXTDZU9,,UNIT408,522603231,907017772,,,,,,
,,,UNIT136,949975126,33060029,,,,,,
TXN683,CM0E093,ZENITH,,1137908,358732450,-481106002,,,2458,,
,CG5ZMNG,TERRA,UNIT607,502998294,399226497,,,,,,
TXN741,CVQJMU9,,UNIT210,310075667,188172640,405538162,,,1353,,2024-10-17
TXN563,CZMZ4D4,,UNIT39,18530203,468138260,,,,183,,
,C8W6NZ0,TERRA,UNIT118,2708286,998706620,713335214,,,,2026-06-18,
,C4F1Q35,,UNIT374,,569419448,510160357,,,1613,2025-10-10,
TXN795,C53YZAE,,UNIT382,,5800910,-120628238,,,32,,
,CN9C2H3,GREEN,,19258692,33635644,201470179,365556571,,855,,
TXN735,CEU9JB0,,UNIT3,2502245,,-954195954,,,1011,,
TXN563,CV4HXQS,,UNIT596,-3949111,3680681,,,,,,
,C4TPNM4,ZENITH,UNIT1,,26018858,,,,1748,,
TXN133,CUGX1DJ,APEX,UNIT190,27157010,957179626,,,,,,
,CV13P1N,,,22142607,629953587,,,,,,
,C8764RB,,,165984322,40580428,,,,,,
TXN280,CM88E0B,,UNIT400,,5414721,,,,,2026-01-11,
,CSTXUEX,,UNIT482,216456039,395152144,16098193,,,,,
TXN323,C0A5AS4,TERRA,UNIT128,5053876,8500709,-118938655,,,,,
TXN417,C2GGN1U,,UNIT611,487024840,19933695,,91872748,,,,
,C6QQ6R5,TERRA,UNIT237,26319294,296617985,369349608,,,,,
TXN696,CWS5Z79,APEX,UNIT432,12049354,738961208,,,,,,
,CQRWH3R,APEX,UNIT122,-5486514,36772860,,,,,,
,CAZZD5U,,UNIT84,17271030,26584407,997487038,,,3534,,
TXN62,CXXV1QD,GREEN,UNIT662,3023010,-2618265,,,,,,
,CAWG4MV,,UNIT433,471932409,4668732,796900638,,,2261,2026-03-27,
TXN299,CAARJT2,,UNIT425,5012404,203456694,490537433,,,,,
TXN153,CG8LZT3,,UNIT549,931956162,444533690,415926463,,,,,
,CPTE912,,UNIT430,512161391,6004003,,,,,,
,CHB5Q7V,,UNIT660,747968176,11220433,1170736681,,,,,
TXN345,C1VMRUF,,UNIT467,10661852,20870190,,,,719,,
,CTQG22K,ZENITH,UNIT332,,-1309143,787510624,,,,,
TXN364,CA2U53S,,UNIT159,18074708,5347579,-347646992,,,3515,,
,CACFCB0,,UNIT375,312294835,16499100,,,,3341,,
,CCC4ZZN,,UNIT494,29057880,20071965,423971784,,,,,
TXN783,CL51LF0,GREEN,,-3342690,-2685682,683056436,,,,,
TXN153,CXEUC82,,,28532526,420234044,-354428733,,,,,
TXN729,C3DSF4Z,,UNIT555,9606720,487404239,,,,,,
TXN369,CQ4JB49,GREEN,UNIT314,659610186,578639692,-30305853,,,,,
,CSP16LX,ZENITH,UNIT79,-5148687,311587427,-211282819,,,321,,
,C2W8PCX,,,-2204632,18425539,,,,2840,,
TXN470,CDWNTZQ,ZENITH,UNIT36,385662584,525669877,-730859619,,,640,,
TXN707,CUSHG8R,,UNIT51,10185142,31341495,,,,,,
,CFQV5P7,,UNIT276,29516457,849604100,-816108250,,,1174,,
,CTQH3W1,,UNIT336,26370890,463628619,,192196315,,,,
,CZW3WGS,,,-3028445,927245988,,,,,2025-02-05,
TXN539,C61AFZM,,UNIT634,183588634,788240855,529251518,,,,,
TXN131,CQVEUSU,,,686098346,865763356,,,,,,
TXN118,CYJKB6J,,UNIT268,29601205,23363660,,,,,,2024-04-23
TXN779,CM65BCQ,ZENITH,UNIT425,20062328,251196356,,,,,,
,CC9T0Q6,,,701124825,16169760,,,,1157,,
TXN715,C9LK4T7,GREEN,,,1831065,973186626,,,549,,
,CCTQMRP,,,17305369,276478875,-641845238,,,,,
,CUZX05L,,UNIT40,644425822,461684615,292085726,,,,,2026-01-20
,CXCFZKL,ZENITH,,186953731,894640465,-1012739622,,,,,
TXN587,CHNDDF1,ZENITH,UNIT539,821984390,,,,,,,
,C3D7FSR,ZENITH,UNIT131,953681172,613754695,,,,,,
TXN601,C8MM7R4,,UNIT684,,383412612,707827133,,,,,
,CMHM53T,,UNIT626,-3705344,678541868,-258787834,,,1887,,
,C0KLVY3,TERRA,UNIT315,23818325,9045572,540216862,,,,,
TXN265,CSR70T7,ZENITH,,21586901,,527493786,,,,,
,CN3JWBG,,UNIT477,38931743,39188703,351820454,134582568,,,,2025-08-20
TXN156,CJFJQV3,ZENITH,UNIT581,10581521,802150462,,,,,,
TXN5,C4F527M,,,,,550679267,,,,,
TXN582,C3T4XYX,APEX,,8379775,858330738,-993547246,,,,,
TXN778,C5J68FA,,UNIT223,16339347,43849259,-66377202,,,,,
,C8W9VYR,,,,13156608,-149700286,,,,,
,C7S8LJN,,UNIT641,800247424,676400008,499598092,,,,,
TXN462,C2XKMPL,,UNIT108,-5202123,617812099,-743764471,,,217,,
,CK337YJ,,UNIT565,2721095,637500761,,,,,,
,CS82LTQ,,UNIT129,-1736344,7719968,,455592695,,,,
TXN458,CT4VK8F,ZENITH,UNIT58,28015432,15322843,,,,,,
,CG5W59A,,UNIT393,701943673,997999888,451400799,,,,,
,CZS4PGG,,,25711897,81375492,,,,,,
TXN416,CXTVET1,GREEN,,126089217,484440166,,,,,,
TXN717,C6XCHR7,TERRA,UNIT287,573780301,948001095,-530592257,,,,,
TXN272,C6513FR,,UNIT548,321577323,20870047,438567419,,,,,2024-10-07
,CEREAWB,,UNIT630,95869156,23327357,,,,,,2025-06-05
TXN645,CWV22B7,,,312669500,43651462,,,,,2026-05-17,
TXN558,C3B63KX,,UNIT560,27889110,882930736,-231928423,,,,,
,C6JCE9U,,,2499000,41834428,,,,,,
TXN735,C7JKZEP,,,935119243,34583724,,,,,,
,CXYT5MZ,,UNIT544,23278368,686718610,,,,2416,,
,CS9ZQML,,UNIT427,27054226,199319031,,,,,2025-10-21,
,CEFYTST,,UNIT222,12247292,717695388,136012796,,,,2025-06-20,
TXN390,CYTGQ74,GREEN,UNIT205,849918535,21213286,585498112,,,,2026-01-09,
TXN52,C0BRYR2,GREEN,UNIT465,29840521,180772800,,,,262,,
TXN330,C8LCRLK,,UNIT407,,22570635,,,,,,
,,,UNIT82,23911058,3340356,,,,,,
TXN664,CNHGFZH,,UNIT143,651330,129764958,363911969,,,,,
TXN744,CWTBS1V,,UNIT637,962987543,43725834,,,,,,
,CUYTDPZ,APEX,UNIT197,-5191576,41214264,,,,,,
TXN648,CLJG3GW,GREEN,UNIT599,753222434,952334203,128288449,,,,,
,C6VWZK5,GREEN,UNIT560,,917836879,,,,,,
,CZKW9KY,,UNIT4,25483026,199239222,447416438,,,,,
TXN688,CHEPCZY,,UNIT638,59203,917574627,,,,,,
TXN741,CXYFB9W,,UNIT253,11655773,85177759,,,,,,
TXN460,C126X5E,ZENITH,UNIT11,12724185,68809424,,,,,,
,CKSSL69,,UNIT42,399430308,24646206,,,,,2026-06-18,
,CL43HFW,,,-183540,420288630,,,,,,
,C02PSUL,,UNIT123,605204004,28828744,1318946939,,,484,,
TXN287,C6LXFYK,,UNIT183,233953463,23599444,,,,,,
TXN119,C31VU7L,,,13308516,29434961,-544446831,,,,,
,CJ7L2AT,,UNIT318,-945633,32032992,,,,544,,
,C85P483,,UNIT131,22438759,37200268,397542023,,,,,
TXN189,CAE2RCM,,UNIT564,27970527,8323886,,,,,2025-03-07,
,CYC2LA1,TERRA,UNIT101,4364158,872286860,,,,,,
,C0ETCAG,,UNIT448,,9739275,,,,,,2024-11-17
,C1BA7SV,,UNIT44,4480542,283764,,,,,,
TXN406,CR75SR6,,UNIT134,717030593,898346315,-141321302,,,,2026-04-17,
,CPQX6T1,,UNIT251,14037421,784834687,,,,3044,,
,CZC438T,,UNIT424,,12869869,,,,,,2025-12-15
,C3KU0NM,ZENITH,UNIT570,4454236,873234134,,,,3162,,
TXN336,CLEZE1M,APEX,UNIT282,10164921,772954234,,,,,,
,CXWKWCM,,UNIT382,-2846542,992394410,,,,,,
,C82T4GR,APEX,,10541826,31743416,-22382875,,,,,
TXN185,CW6JZ4C,ZENITH,UNIT145,,746497444,-254494858,,,886,,2028-06-11
TXN772,CMH4F1D,,,632961016,22609518,1237673554,,,,,
TXN480,CTGT5Q2,,,684821934,931705314,517622964,,,,,
,CCUDSBC,APEX,UNIT259,34233321,109735896,187557023,,,,,
,C9LWJ2U,,,5058444,-1885284,,,,,,
,C3GXWTB,TERRA,UNIT429,12181431,222551773,,,,,,
TXN490,C65BBGW,GREEN,,21792732,43812437,606515295,,,,,
,CMV8HY7,GREEN,UNIT421,17259026,,627726476,,,,,
,CBUQKJ3,TERRA,UNIT432,298342834,919184350,-630147267,,,,,
TXN239,CAQML63,,,-3802517,648583144,107823334,,,1597,,
,CGQ07V8,,,-2042845,257600472,176032983,,,,,
,CXN8NL7,,,6574056,355207103,,,,,2025-08-16,
,C5E5AF3,TERRA,UNIT518,,19147992,,,,,2026-09-07,
TXN653,CLA7NTL,,UNIT283,579434937,542571656,-385941653,,,,,
TXN336,C6T6PX8,ZENITH,UNIT563,393494592,705146812,-517817534,,,2538,,
,CCJUTXJ,,UNIT89,785520908,,974257,,,,,
,CVU9WFA,,UNIT117,-301306,185725580,928407766,,,,,
,C2SYEA0,,UNIT336,21471511,524557924,-525719893,,,,,
TXN377,C7QTGKA,,UNIT21,,496879705,,,,,,
,CYQLB33,,UNIT186,,835387140,-1174517914,,,,,
,CE8MSCF,,UNIT207,4832361,459111138,263181425,,,,,2025-02-25
TXN783,C4EWJSR,,UNIT218,-371782,244259159,,,,,,
,CKNNGCY,,UNIT73,7110200,770772388,100813732,,,,,
TXN618,CDB6H7B,,,,166365782,120491771,,,3016,,
,CZZXAQS,,UNIT325,791215515,864356871,-14890859,,,,,
TXN622,CGM88CW,,UNIT287,22007390,995638346,,,,,,
TXN289,CBMMF7Z,,UNIT40,-4936155,313320005,-456032427,,,,,
,C8RMEGF,GREEN,UNIT449,980925411,20841057,1388058444,,,,,
,C0T4YUW,GREEN,UNIT677,7444561,35243837,170011456,,,51,,
,C704EX2,APEX,UNIT632,76125103,120589798,,,,,,
TXN98,CH0SS5Q,,UNIT239,20553165,526997713,,,,,2026-04-05,
,CL33F0L,,,-3969412,41128330,,,,49,2025-05-03,
TXN288,CD2QTU0,,UNIT528,789900488,,832739344,,,1210,,
TXN572,CJ0TPKT,GREEN,UNIT31,,35966844,198249841,,,,,
TXN127,C1B7F67,GREEN,UNIT100,,2113719,,,,,,
TXN140,C6NTSA3,GREEN,UNIT245,391746326,991445561,,,,,,
TXN172,CUAZW4N,,UNIT599,24999604,611212358,440793703,,,2370,,
,CZ26DRT,ZENITH,,4597679,28228570,64602167,,,,,
,C5K99CV,,,16857524,20907163,238202533,,,,,
,CFGQBQX,,,,7306894,630199361,,,,,
,CR39K43,,,8968411,294547632,487082858,,,,,
TXN47,CDEU911,GREEN,UNIT457,4040715,77911684,-490790447,,,,,
TXN604,CJBJHTP,,,-1129760,280149435,207485569,104698611,,,,
,CP0H1ZD,TERRA,UNIT45,,630036235,183711328,,,,,
,CGPRJKK,,,913310119,882043915,277531826,,,,,
TXN243,CCCERME,,,15993663,247895482,,21094503,,,,
,CTMQTQF,,UNIT490,383329071,,312468977,,,,,
TXN555,CCFBY86,,UNIT585,24867779,743091009,,,,270,,
TXN595,CZD2W89,,,3536207,16086220,,,,,,
TXN471,C2KHN2U,TERRA,,352182677,353304002,,,,3027,,2026-05-22
,CDGENKV,GREEN,UNIT667,676562793,,826914335,,,,2025-06-18,
TXN516,CNM5J60,GREEN,UNIT315,285665848,876119342,,,,664,,
,CKF21CQ,,,192606258,18817465,,,,551,,2025-03-26
TXN21,CJTJ5C5,,UNIT251,-3467239,-2853324,,,,,,2027-09-11
TXN152,C9KLRFQ,,UNIT421,111191975,15482130,861745565,,,,,
,CRQSNRH,,UNIT678,14387734,26298682,,,,,,2025-10-15
,CBY4JKV,GREEN,UNIT105,489516830,614280885,,,,654,,
TXN380,C1FZ21G,GREEN,UNIT466,262068782,911832300,,,,,,
,CC8ZDE1,,UNIT355,13380239,,92733330,,,,2026-01-17,
TXN353,CU2B8BB,,UNIT677,26191203,17281855,58484096,24513992,,,,2031-11-21
TXN790,C6BTYH7,TERRA,UNIT307,15820723,921774709,884006961,,,,,
,CFZKVKM,TERRA,UNIT278,19410027,468419910,-1096024087,,,,,
,C6F4MRF,,,21536604,20855509,-33180858,165559979,,-44,,
TXN2,C2NFPPY,GREEN,UNIT311,,610132678,,,,,2025-12-30,
,CZ0YR0T,APEX,UNIT389,14285590,998461403,-978903151,,,,,
,CF5NYM0,,UNIT397,,5224228,345219171,,,,,
TXN362,C7E2NEG,,UNIT240,4240304,,,,,,,
,CYDTFF6,,UNIT262,3686619,636532728,39694060,,,,,2026-04-17
,CFDDQHT,,UNIT133,886978530,302642025,618634959,,,,,
TXN81,CLUQZ98,,UNIT471,-3463550,22638455,397488311,,,,,
,CRLKQ6Z,GREEN,UNIT112,-900244,436587084,251866550,,,,,2024-08-21
,CAVTBDR,,,988036545,633364764,,,,,,
TXN575,CR0QKYX,,,20982641,561629256,,,,,,
TXN601,C2G6X3K,,UNIT632,1472803,,,,,,2025-10-19,
TXN620,C4E27EE,,,22482682,858791089,,,,,,
,CW89M9T,,,,726683889,,,,1817,,
TXN514,C5HJMYH,,UNIT300,13411361,754454354,260155543,,,,,
TXN728,CQDXP9A,APEX,UNIT608,24148368,408674129,,,,,,
,C3BR41U,GREEN,,25118444,394057,,,,,,
,CX61NJS,ZENITH,,168819303,13085815,,,,1060,,
TXN461,C81W50A,,UNIT554,138202166,,254403429,,,,,
,C4NKH2H,GREEN,UNIT227,10374890,346544248,-586245357,,,,2026-05-18,
TXN785,C42TU6G,APEX,UNIT338,,38884226,-449496143,,,299,,
,CPF9738,GREEN,UNIT589,29997878,60234858,,,,358,,
TXN264,CCBL81U,ZENITH,,21881574,909365170,-750739086,,,,,
TXN315,CBBX9Z3,,UNIT37,7018258,43800879,475057538,,,2643,,
,CJH0KXE,GREEN,UNIT588,551688470,876931046,867145679,,,264,,
,CN50UEL,,UNIT639,-626304,710671431,,,,810,,
TXN199,CQKYP4P,TERRA,,434992304,38606949,624847682,,,,,
TXN599,CD3997V,,,794918059,33628379,1096190603,,,913,,
,C8J5J4K,,,753617228,452298627,,,,,,
TXN316,CDCKJ2H,TERRA,UNIT226,25035327,23513665,856740176,,,,,
TXN378,CGYBHY6,TERRA,,,38613010,,,,,,
,CQ85CDF,,UNIT673,21322084,632185752,-338195338,,,,,
TXN120,C8K6USA,,,,128666566,790823949,,,3214,,
,CGTYKVK,,,13041091,42948159,469580179,,,1696,,
,CNLVQCA,TERRA,,527470278,174995588,,,,,,
,,,UNIT383,29528931,213612881,158594115,,364163556,875,,
,CGXVF7W,ZENITH,,2029694,236368071,-412095137,,,,,2026-11-01
,CKGPKQL,ZENITH,UNIT473,269395177,138936168,,,,2714,,
TXN657,C7Q4SAK,,UNIT353,289023467,230039644,-734829308,989794818,,96,,
,CSU5CUJ,,UNIT540,698109378,608506679,,,,,2025-05-31,
,CCL2V39,APEX,UNIT285,989927400,32016734,1532065658,,,3270,,
,CT7FKMW,,UNIT142,1008135,31302264,769304646,,,,,
,CDHDB9J,GREEN,,28988003,38768348,,,,223,,
,CFHNABT,ZENITH,,5101741,26699555,34787989,,,,,
,,,,41152733,341469657,,,,,,
,CD0KXAF,,UNIT96,924429353,926150205,-107638400,,,,,
,CARRRE9,,,611280616,8669871,,,,392,,
TXN782,CS9LESW,,UNIT294,25076165,965256565,,31249758,,,2025-06-16,
TXN252,CGMCWAW,,UNIT145,48310751,24999026,,,,,,
,CQQWK8V,,UNIT562,217473117,41905860,-109073219,,,,,
,CXC1SDY,GREEN,UNIT286,28839780,39763,,,,,,
TXN614,CGKKNFV,GREEN,UNIT534,,15586894,702802532,351053278,,2429,,
,C72NKRJ,,UNIT359,23920434,6596594,289720001,,,113,,
,C4MMMC9,,UNIT239,769404333,189616171,1069977851,,,1821,2026-04-23,
,CN3G0RR,,UNIT490,,15370413,,,,412,,
TXN699,CUVC3PC,,UNIT323,20275512,850282735,141945796,,,,,
TXN537,C9P5NAG,GREEN,,16063556,996522032,-1290864209,,,,,
,C4Q7T2Q,ZENITH,,337416,,84965327,,,,,
TXN276,CKXKJ2L,,UNIT328,27279413,562880991,,,,,,
,CGSNLDC,GREEN,UNIT267,179664558,43100860,,,,395,,
TXN644,C6Q3TG2,,UNIT113,198403678,27823699,487274069,,,1784,,
,CXCYNV0,,,,19610284,,,,2243,,
,CTLXV4Q,,UNIT95,11805337,829372230,,417800114,,,,
,C5QMG9J,,UNIT310,48327551,73193534,-502831949,,,,,
,C7RE4SG,ZENITH,UNIT56,,300276764,,,,,,
,C9SSA6N,,UNIT647,-2419525,,336586172,,,,2025-02-19,
TXN64,CYJAQX8,,,1762717,20617242,,951061905,,,,
,CSYRETQ,,,6874089,55854053,76582231,,,,,
,C8TLUHL,,UNIT430,28669101,33451004,441603289,,,,,
,C7Q1NBL,TERRA,UNIT338,24820989,655493089,-277641928,,,0,,
,CHVPR75,,UNIT53,6513138,386548693,-672512152,,,,,
,CCLVTHA,,UNIT568,410461799,627018289,21600669,,,,,
,CA3YXS8,,,3654578,235849011,,,,814,,
TXN617,CSEWFFD,,UNIT458,,965477703,,,,,,
TXN657,CHH26PN,TERRA,,25390117,24044966,-306814671,,,,,
TXN14,CGEZAXE,,UNIT316,25978525,-229694,,,,,,
TXN229,C06TSFH,,UNIT650,-2799535,10097210,,,,187,,
,CXZXU8M,,,,646700834,601430152,,,280,,
TXN237,CBBABPK,GREEN,,450398342,720343714,792808045,,,,,
,CN6R12S,,UNIT168,-3688897,861646828,-1100630931,,,,,
,CJ5PEU8,TERRA,UNIT352,750542265,-580739,354390501,,,,,
,CBF48T5,,UNIT123,-4102316,536719777,,,,1573,,
,CG41FH0,,UNIT342,962490889,311057384,1442657591,,,,2025-08-31,
TXN491,C9SDSBA,TERRA,UNIT347,25152711,21303942,,,,-49,,
TXN175,CNQE936,,UNIT557,9661802,600245487,-473729252,,,,,
,CNNQC3J,,,8112179,712941472,,,,,,
,C8WDTNC,,,-155407,441166277,,,,,,
,CZ2KVMW,GREEN,,-1927344,,,,,,,2026-12-23
,C9W986N,,UNIT525,512637140,248767677,,,,,,
TXN552,C3BQJJQ,,UNIT508,,998361678,,,,-197,,
TXN665,C4Y6A5X,,UNIT353,563410937,390092216,710305038,,,,,
TXN449,C1EE4N2,,UNIT338,25666724,360992059,-1120500642,,,963,,2025-02-23
,C3EWFVL,,UNIT540,18796828,4931631,-318058023,,,,,
,C6E6D8C,TERRA,,,728796513,274297439,,,,,
TXN414,CDSEMLP,,,9322298,536620457,,,,2812,,
,CWHCR1C,TERRA,,39717694,6856651,81514935,,,,,
,CS63KG2,GREEN,,26673437,17579726,379382174,,,,,
,C13BUSA,,UNIT481,530249195,,497224933,,,,,
,CP21JTU,,UNIT397,,529353843,,,,,,
TXN344,CVB10TS,TERRA,UNIT383,895796014,29263998,718064626,,,,,
,CXT97DN,GREEN,UNIT188,670630235,235324199,,,,,,
,C7X3105,GREEN,UNIT534,588475376,305293787,,,,,,
,CUD008X,,UNIT523,466400630,993063085,-299663051,80759581,,,,
,CN82M95,,UNIT284,23322493,-2409402,140641385,,,,,
,C0YHND4,,UNIT240,-790180,41814081,-87264327,,,,,
,C8NN98Y,ZENITH,,924681479,439691348,1447941737,,,,,
TXN157,CL0DYEX,,UNIT16,8514488,37953103,306593730,,,1311,2026-07-23,
TXN177,CJ0QUPZ,,UNIT73,18751738,38293647,,,,527,,
,C2H2RK2,TERRA,UNIT103,-3139762,,-476580986,,,,,
TXN604,CQH1UU8,ZENITH,,17412854,926382831,-995634597,,,,,
TXN446,CE6BYFK,ZENITH,,23195021,769037218,,,,,,
,C99SWGA,,UNIT344,278130147,783422994,,,,,,
TXN326,C37HW5B,,UNIT120,,22335758,953265859,,,,,
,CGXL3RP,,UNIT38,2429537,19483117,,,,,,
TXN365,CKE1BAF,,,764860,826774251,,,,,,
TXN772,C30ESJH,,,13757685,161372062,,,,,,
,CKVW51B,,UNIT490,452450218,739765368,,,,417,,
,C6LSQF9,ZENITH,UNIT382,16138558,8755054,,,,,,
,CGPBHRE,GREEN,,,534077176,-113384155,,,,,
,CVFABQU,TERRA,UNIT166,1139273,32145844,,,,2044,,
TXN708,CV0T0K8,,UNIT598,863710540,25512737,172794404,,509396467,2214,,
TXN597,CJFV50T,,UNIT618,517947528,22815873,523477347,,,,,
TXN696,,,UNIT372,342413130,36801121,534007312,,,2592,,
TXN615,CE6S775,,UNIT488,501443033,32060980,293791656,,,,,
TXN268,C7DXZMT,,UNIT484,-4553703,16525273,603645803,,,,,
TXN472,CD6HJH5,,UNIT341,2219733,650152104,-532270530,,,,,2025-06-19
TXN402,CM6NQWJ,,UNIT327,661282107,42527031,,,,,,
,CUGZEF2,,UNIT494,746456543,31980838,113291270,,,,,
TXN476,C7JYQGZ,,UNIT621,259301206,607942845,431295256,,,,,
,CSGCS7D,,,2706678,303751106,-690663482,779406576,,2712,,
,C0R4NDH,APEX,UNIT73,411198840,175299547,310470880,,,,2025-03-26,
TXN750,CKV07JF,GREEN,UNIT196,22918475,39314191,,,,,,2030-11-08
TXN283,CWVRXYM,,UNIT150,15499501,,-574023174,662720043,,2324,,
,CUQM6ZP,,UNIT559,3998904,16347619,,,,,,
TXN717,CYE57N5,,,,563541775,-532577784,,,,,
,CPHCLEA,,UNIT130,,801723269,,,,,,
TXN421,C30UPJR,,,6890998,280758276,,,,,,
TXN688,C5B7XGZ,APEX,UNIT668,,951052493,163573712,,,,,
TXN580,CL4GH1F,,UNIT276,12147398,707763927,,,,,,
TXN790,CLM1TRR,,UNIT689,,672839745,677071391,,,,,
,,,UNIT168,854992921,24851046,,,,402,2025-02-03,
TXN615,CE57GEY,TERRA,,9840879,36358588,844194988,,,,,
,C6WR3X6,ZENITH,UNIT425,5455946,989915234,,,,3537,,
,CMM02QQ,ZENITH,UNIT451,10819669,28919113,361451900,,,,,
TXN324,,APEX,,13047487,768384160,72778840,,,286,,
,CYQF6XR,,UNIT41,29983505,11295872,,,,,,
TXN582,CZ4JXYX,,UNIT365,14567298,755536970,686694779,,,3084,,
TXN750,CRX9NED,TERRA,,460607943,25047018,,,,,,
,CTUG9ZG,TERRA,UNIT113,16930191,26770107,586641702,,,,,
,CSQCQJ1,,,16558124,899692113,,,,,,
TXN671,CADJX3X,,UNIT6,2250343,950151032,-795571399,,,,,
TXN562,CFT8NKV,,UNIT407,284294800,598087747,,,,,,
,CBWZHHA,APEX,UNIT654,11536372,41884887,769902912,,,,,
,C6Y10AB,,UNIT57,2950415,999152014,,,,,,
,C7ZKG6P,,UNIT56,,703650737,-43942030,,,,2025-08-02,
TXN206,CZPXAH0,,,4892075,332115458,,,,,2025-07-28,
TXN762,CSJVA5K,,UNIT682,457167324,3869960,,,,,,
TXN638,CKMD0BC,,UNIT85,599405168,577694023,134671118,,,,,
,CGP20HZ,GREEN,UNIT456,1176054,24845603,,,764428075,,,
TXN337,CXY5E1M,TERRA,UNIT227,298243084,980788030,-637652373,,,2068,,
,C5L92XB,,UNIT5,11526148,34046508,463211733,,,724,,
,CXEAF6X,,UNIT200,772569136,36202123,1326703953,,,844,2025-04-15,
,CS57J1C,,UNIT56,25614282,772570194,-614848963,,,,,
TXN438,CBWAG6P,,UNIT607,23610676,30371842,-66240855,,,,,
,CJXYDSR,,UNIT41,26296759,9607819,,,,1821,,
TXN643,C30CNH1,,UNIT464,-2669645,19749136,-150242220,,,,,
,C5MARUX,,,12177066,36190167,,,,,,
,C5K1NU4,,UNIT603,74461515,29348831,614264596,,,,,
TXN685,C14DMN6,APEX,,681410219,87403176,542197440,,,2258,,
TXN98,CLSVQMW,,UNIT303,578074728,148365595,947038482,,,,,
,CTQPH96,,UNIT40,,974825653,-1759621423,,,,,
TXN628,C9DYMD9,GREEN,UNIT256,,595174091,,192433199,,117,,
TXN108,CUMWZB8,APEX,UNIT544,10269706,10375161,120383378,,,-190,,
,CB62MDC,,UNIT511,2433501,-1809020,158978742,,,,,
,C8SPDZW,,UNIT643,,201140742,825116217,,,,,
,C0MT9EQ,,UNIT8,-1216995,37572532,,,,,,2027-04-17
TXN574,C1ZNQSS,,UNIT394,757459915,770400096,,,,313,,
TXN696,CXM7886,GREEN,,21728035,,309834196,,,,,
TXN480,CAE6UCB,TERRA,UNIT53,111365942,662134880,,,,,,
,CZ85VKF,,UNIT653,255734480,17912758,,,,,,
TXN37,CJWL4N6,,,24933147,27628964,,,,,,
TXN558,C9KLW49,ZENITH,,371765070,41539103,5448116,,,,,
,CNMRPBA,,UNIT57,-5087961,490257858,-792598571,,,,,
TXN740,CS8S8KF,,,21151333,930608998,,,,,,
TXN28,CJJ61VA,TERRA,UNIT314,21992745,636279270,,,,,,2026-01-07
TXN701,CUHE0MR,APEX,UNIT506,,171989866,570167815,,,-231,,
TXN661,CUN14N5,,UNIT604,18618703,664479526,,,,840,,
TXN290,CJQ43CY,,,18509092,8083479,,,,,,
,CVMNWEC,,UNIT237,299813108,740194826,222138654,,,,,
,CSDRSD8,TERRA,UNIT23,284267616,294300893,-678702285,,,,,
TXN728,CS07MDW,,UNIT55,,244678562,,,,2538,2025-08-17,
,CAV76GL,,UNIT297,18799336,30074275,981526962,,,,,
,CGF5GR7,APEX,,294784518,42581575,257082959,,,2567,,
,C4B7K4T,,UNIT128,574097872,30764283,,,,,,
,CPB36EV,TERRA,,352114264,-2555907,417523386,,,,,
TXN576,C3LQ3Y0,GREEN,UNIT40,4013860,,,,,,,
TXN54,,ZENITH,UNIT294,24502281,,-308019791,,,,,
,CDBTRPY,,UNIT211,23441891,34139733,,,,,,
,CSL8T1M,TERRA,UNIT143,666582248,2385261,,,,2817,,
,CEN8DZD,GREEN,UNIT523,720972361,525582629,,,,,,
,C4FKE6K,,,738279776,31648067,,,,,,
,C8JRUB8,,UNIT129,2710868,7445743,-86032674,,,2929,,2025-04-12
TXN89,CE0DZE0,ZENITH,UNIT34,10288079,2503649,-66627997,,,,,
TXN756,CGHAD4Z,,,26169709,42189001,972485498,,,,,
,CN32X6J,APEX,UNIT239,23785922,784548740,,,,67,2025-04-07,
,CN4VF7N,,,22987064,25351333,-15931870,,,,,
TXN788,CLA30C0,,UNIT13,82611345,188796851,46843144,,,,,
TXN344,CM7X0AW,,,320342445,,,145263792,,,2025-02-01,
,CJ876DN,ZENITH,,-2347822,593612843,-1025012634,,,,,
,CCDRBG7,,UNIT309,976080726,381054786,222058302,,,2837,,
,CZ9KS3Y,,UNIT470,4226291,932024208,-791577070,,,773,,
TXN444,CNDH6P5,,UNIT3,633238382,12161013,931716789,,,,,
TXN66,CVACTVE,APEX,UNIT237,20744042,145830784,-39466434,,,948,,
,CLAHU5R,,,2678546,25736742,,,,,,
TXN535,CR2D40G,ZENITH,UNIT305,523180997,852927634,-359174184,,,,,2024-12-03
TXN762,CWAA74H,,UNIT32,28372558,1531227,,,,596,,
,C9UBQMJ,,UNIT546,18745216,29528077,204487969,,,,,
TXN103,C1727W7,,UNIT641,1511177,28816948,,,,571,,
,C3HNSKG,,,238876063,867102981,-186716483,,,3112,,
,CFJXVV3,,UNIT42,8203053,290557597,,,,,,
TXN234,CD4H3FS,TERRA,UNIT394,-3237443,220554571,,,,,,
,CK6U5RD,,UNIT519,2142540,,,,,,,
TXN127,CRHU54G,TERRA,UNIT368,135244458,38469417,180213647,,,196,,
TXN24,CPM9G8K,APEX,UNIT395,21068871,779637355,-127140974,,,,,
TXN196,CLU84FR,,,8835314,688775632,,,,,,
,C2JK2W0,,UNIT636,26657397,36501265,818861480,,,,,
TXN332,CCMZLED,APEX,UNIT238,279528097,835511637,,,,,,
,CX8A8M7,,UNIT327,6032067,788163940,933810961,,,,,
,C2DZ39P,,,4814830,37315495,962964860,,,,2025-12-17,
TXN344,CFJJQ3Y,,UNIT572,439208721,1982552,423676393,368491735,,1064,,
,C22S0US,,UNIT320,12799964,288155499,,,,,,
TXN284,C7GULGZ,TERRA,,714353640,,1261152196,,605057721,,,
TXN98,CLY3E2F,APEX,UNIT268,9692216,11053260,408133556,,,,,
,CXUYJCQ,,,,12815856,700375890,,,,,2025-05-07
,CQD8BVB,,UNIT433,23784644,668726383,-594108522,,,1551,,
,CCTXXCY,,UNIT575,-4174381,962480648,-1503361039,,,1209,,
,C71W7EV,,UNIT421,928777330,137055232,1102095177,,,1331,,
TXN167,CQWR053,,,,,,167424371,,,,
TXN459,C9HT61G,,UNIT662,21412800,986579401,,,,,,
,C9AV83T,,UNIT550,4149218,730006307,-634977217,,,,,
TXN443,CC0LN30,APEX,UNIT668,,41541509,-113970719,,,,,
TXN110,CRVPUDR,APEX,UNIT600,909562688,4453135,,,,,,
,C5TA9YG,,,4137967,4542807,-181002657,,,,,
,C6C8F5C,,UNIT143,907977913,737935231,471459915,,,,,
TXN523,C6S3FNQ,,UNIT170,,655605861,44335194,,,,,
,CDQ3TBZ,,UNIT381,287565526,29926886,,,,632,,
,CJWXDYB,TERRA,UNIT92,451859556,36076047,87019965,,,87,2026-07-07,2026-07-04
TXN92,CYQ9XK9,,UNIT254,774800392,7446488,,,,,,
,C13XDAF,,UNIT390,6074093,601427224,216175192,,,,,
,CEYS9VA,TERRA,,,14771431,393592548,,,,,
,CDCQFXT,,UNIT359,30037992,26928026,,,,,,
TXN561,CXED9SX,,UNIT84,907343264,14807913,,,,,,
,CMF0HS8,ZENITH,UNIT512,-4250252,219546780,493155701,,,,,
,CWBC1FY,GREEN,UNIT261,-4979349,6282670,,,,,2025-06-07,
,CEYCZBQ,,UNIT485,20252692,333609010,,,,,,
,CXG6BKU,,UNIT566,,257737129,-213439625,,,,,
TXN742,CS22CN3,,UNIT441,299692,,,,,,,
TXN572,,,,994134831,25089392,1112365760,,,,,
,CX2M5L4,,UNIT339,654001180,131792207,,,,,,
,C5PVYE4,TERRA,UNIT377,6112478,21846677,,,,880,2025-05-14,
TXN698,CRNRQ5J,,UNIT376,10287838,33803743,,,,,,
,CA9H0X9,TERRA,UNIT51,11177606,644563516,,,,,,
TXN590,C2EUJCR,,UNIT341,532525280,896821349,905909641,,,743,,
TXN350,CLA6U7E,APEX,,,35167952,,,,,,
,CZ4KERU,APEX,,518739896,967077581,351493863,,,,,
TXN297,C5748V6,GREEN,,738785192,767159700,-271120034,,,,,2024-07-06
,CALB0SP,,UNIT444,36463886,133318683,,,,,,
,CVX4GYY,,UNIT279,160425159,394370828,-301995985,,,,2025-07-01,
TXN727,CUK7VUH,ZENITH,,367289406,10476315,700421059,,,3644,,
,CPLN3DE,,,22072152,306265096,125717657,,,38,,2024-12-22
,CBPTGDR,,UNIT51,24257709,211582444,200498180,,,807,,
,C9NL653,,UNIT375,82448593,368907635,735060630,,,,,
TXN308,CYK33YS,,UNIT473,15289204,879588797,17927130,,,,,
,C9TS621,,,625373467,211686190,,113725516,,2913,,
TXN49,CMKWNFP,,,19836055,380356225,187471585,,,,,
,CMFBTT8,GREEN,UNIT379,14628560,12695517,-8540823,,,,2025-03-06,
,CDJD8HN,,,,761884942,-620849915,,,,,
TXN206,CDW0V6K,,UNIT283,428620482,37787915,,,,,,
,CEJQK2D,,UNIT297,-2960687,5030655,637010636,,,,,
TXN394,C55UKQE,,UNIT171,-105827,442089504,-384454748,,,,,
,CRWMWKW,,,26164914,30776791,141049237,,,,,
,CUW8S3L,,UNIT101,-1166146,26549357,,,,,,
,CZ6ARXK,GREEN,UNIT572,509474395,,305332251,,,,,
TXN57,C5VQ6V8,GREEN,UNIT212,12601617,939757818,,,,,,
TXN772,CLNXZ3X,GREEN,UNIT273,874941289,415404489,1233022458,,,2193,,
,CWXV0WX,,,18214020,697730605,-27736315,,,918,,
TXN453,CQP3AQZ,,UNIT546,5784001,965257457,-481694786,,,977,,
,CWHCUK7,,UNIT255,378087452,16921260,874820565,,,,,
,CMMYGDD,APEX,UNIT447,719260,423353055,,,,,,
TXN497,CMB03C1,,UNIT314,25457788,963919614,,,,,,
TXN152,CQ9T2HQ,ZENITH,,91890745,13975683,,,,,,
,CHLYPMA,,UNIT494,28439496,26561118,,,,,,
,CJ512Y0,GREEN,UNIT544,393483026,22792291,-117850773,,,,,
,CJWBFXP,,UNIT439,722454071,686010020,,,,,,
,CG0VGSU,GREEN,,,661639222,,,,3085,,
TXN214,CGP7MN0,,UNIT74,850074250,,,,,,,2025-10-17
,CTAPRDZ,,,5730086,251520209,203932708,,,261,,
,CKUH8FU,ZENITH,,327842693,11100663,509675071,,,,,
TXN401,CWV6YNM,,UNIT441,23387171,235024579,,,,,,
TXN336,CD4GKRW,,UNIT484,,27046893,254225406,,,1718,,
,CB63E4Q,,UNIT37,29624006,,329853381,,,,,
,CNYFK9Y,,,12323530,385513787,-455014589,,,,,
,CETXRHM,APEX,UNIT132,601794086,27982413,682945762,,,,,
TXN764,CTKKFEJ,,UNIT34,22150538,17977489,,,,,,
TXN241,C82AEZL,,,619473861,30852631,533145230,,,122,,2025-03-31
TXN313,CJ0HUFV,GREEN,,480163330,98800477,,,,,2025-05-27,
,CRMF8BK,,,18584283,876952560,,,,1850,,
TXN638,C14TPSW,TERRA,,584391554,728776276,,,,,,
TXN584,C7E4M75,,,8624376,14380369,-36452033,,,,,
,CTU9JG7,,UNIT419,10399659,629629983,,,,,,
,CDUAL9K,,UNIT468,676098853,186850003,,,,,,
,CN3VG5W,,UNIT193,24560194,,183190722,,,,2026-02-26,2025-07-22
,C0GD4SP,,UNIT220,17844973,568659101,,,,,,
,CNG759Y,,,504047091,807555649,15765093,,,,,
TXN109,CNQJML3,GREEN,UNIT345,-2971956,923078040,,,,,2026-08-04,
,CPZLL6R,APEX,UNIT422,930638,39426208,301032797,,,,,
TXN79,CEY90XQ,ZENITH,UNIT254,14389586,255457850,,,886637429,,,
TXN201,CA3VRBA,,UNIT614,8230702,569081181,,,,,,
,C113CRC,,UNIT122,28786079,9930511,,,,,2026-01-19,
,CM96PJH,,,-885042,531539321,-1173613188,,,,,
,CHKCMX1,APEX,UNIT214,,20210588,144409495,,,,,
TXN791,CPK3P9F,,,358383804,29998663,757167799,,,,,
TXN62,C7VR767,,UNIT31,859165881,792201146,161297696,,,,,
TXN39,C0X830M,ZENITH,,77473654,42943419,,,,135,,
,CJ3JSWS,,UNIT203,4099661,721791462,261952798,,,429,,
,C1635CX,,,634923740,918614743,,,,860,,
,CRCR6GC,,UNIT491,,847245968,-1348996832,,,,,
,C6YA528,,UNIT70,185203722,826630182,,,,,,
,C1Y6HWK,,UNIT374,,27092816,,,,,,
,CEJ1ZST,GREEN,UNIT131,892882631,814833358,616753335,,,,,
,CYWB3AJ,,UNIT86,143705,7081230,32041483,,,108,,
TXN487,CLVYVAK,,UNIT180,694523846,688250428,206139116,,,,,
,C8P20KY,ZENITH,UNIT358,20440195,27699643,,,,65,,
TXN404,CGQWSTP,,UNIT521,11568440,837700057,660042800,,,,2025-08-28,
TXN183,C0CHPFL,APEX,,510430356,834389125,-809945161,,41548590,,2025-05-05,
,C05W396,,UNIT303,5591481,822642418,-107713960,,,2821,,
,CD7MWHW,,UNIT67,280457825,27485387,,,,99,,
,CGK0058,,,21483928,-103440,-131931028,,,94,,
,CC2J4GL,,,,43378150,,,,456,,
TXN608,CQ3RBZ3,,UNIT74,,29023662,882701870,,,,,2024-07-24
TXN48,C56SDGW,,UNIT212,11869746,444400145,-1022860019,,,,,
TXN756,CA60F9U,,,23033330,640836690,-567975136,,,,,
,CHHL23V,,UNIT369,27429079,20351294,419254692,,,,2026-02-06,
,CANYG1C,,,3785013,804549699,,,,656,,
,CATZY9L,GREEN,UNIT26,19234084,139805489,-937662756,,,,,
TXN383,CHW95G3,,UNIT75,,812214455,,,,-48,,
,C1R6QYE,,,,,,,,,,
,CFY9CHM,GREEN,UNIT201,143666470,38871657,-179370476,,,,,
TXN528,CLUDXG8,,UNIT145,-2922609,25865525,555127925,,,,,
TXN488,C2Z7J2R,,,397520562,189338534,374319767,,,,2026-08-17,
,CEQP46S,,,27577360,87808182,,,,,,
,CL2H8CS,,UNIT17,20515420,531644312,180735348,,,3316,,
,CA6LK38,,,-2430928,986575132,,,,,,
,CANGBX2,,UNIT142,1031295,366607376,164604715,,,,,
,C9RB6NM,,UNIT162,28281390,826335769,,,,,2025-10-15,2025-07-17
TXN348,CJM56XV,,UNIT428,10071557,5909656,,,,456,,
TXN414,CKYAMGX,GREEN,UNIT126,952596931,272892088,,,,1495,,
TXN339,CZ9NVJG,GREEN,,15386437,,,,,,,
TXN707,,,UNIT639,371370129,495340497,350924872,,,,,
TXN208,CNJS1WA,GREEN,UNIT481,,109763154,130005089,,,2002,,
,CDRSD65,,UNIT404,24603806,415690096,,,,810,,
TXN698,CVPBN7M,TERRA,,20234483,39034826,,,,,,
TXN669,CPW7SB0,GREEN,UNIT325,155981601,,,,,,2025-01-26,
,C36LHDG,,,26490443,652100380,681390058,,,,,
,CKAC91X,,UNIT418,214604347,856820347,193282104,76851391,,85,,
TXN760,CVT3295,GREEN,,177845165,133858,378090626,,,1362,,
TXN282,CNSV0RT,,UNIT256,8454174,37849946,,,,,,
TXN531,CA6F83W,,UNIT62,18411038,15970100,,,,-187,,
,C1WU8MD,TERRA,,328798643,32323696,,,,,,
,CR1GYRA,,UNIT279,486498344,878390105,,,,-356,,
TXN481,CBFLPLM,,UNIT113,23614043,31405710,,,,,,2024-08-08
,CRF3PYD,GREEN,,410093959,,,,,,,
,CVJX6WK,TERRA,UNIT364,55068742,680952644,,,,1517,,
TXN265,CH2V79N,TERRA,UNIT409,24414306,541708829,-206716,132521887,,,,
,C8YF4EH,,UNIT245,,226414530,130268288,,,232,,
TXN505,CS7XYBG,,UNIT15,28323420,261415541,,,,1243,2025-03-09,
,CJN9EK1,,UNIT570,16493645,894633997,338283426,,,,,
TXN271,CZKCL6Z,,UNIT467,770087252,14823204,400757252,939353571,,,,
,CN3LDAN,,,,812546797,919121309,,,423,,
,CZG120K,APEX,UNIT642,-4765825,13725830,-18743483,,,101,,
TXN180,CNK9YA3,,UNIT512,,9277789,,,,,,
,CASMWH1,APEX,,-5298700,150687893,-119715003,,,,,
,C311HQ6,GREEN,UNIT309,7095231,,,,,511,,
,CXWHXHY,,UNIT330,36020524,36044715,230110699,,,,,
,C3VC05P,,UNIT57,513791062,108655163,548155548,,,,2025-09-12,
,CRSR8RP,APEX,UNIT466,15381868,,678422519,,,,,
,CVDJWN1,,UNIT274,-5061470,7904300,678379172,,,,,
TXN309,CTNH7P7,,UNIT152,29266060,613145087,,,,3130,2026-01-30,
TXN224,CK7G3LK,,UNIT589,2301100,144899825,241229696,,,,,2024-05-17
,C4EHBR1,ZENITH,,13695872,30196146,491961505,,,,,
TXN255,CG77EJ1,,UNIT147,651954206,37784588,620934605,,,570,,2025-04-08
,C1FZ3QK,ZENITH,UNIT666,386076567,12242290,,,,,,
TXN769,CNLZHF9,,,,998990699,-1625620599,,,,,
TXN613,CEVLP63,,,525614293,652986625,,,,,,
,CZWZULM,,,18339843,210683516,,,,,,2026-12-15
,CNXY17X,,UNIT6,19973387,749761127,738531008,,,,,
,CF4ZQNJ,,UNIT86,29771205,,615000996,,,1667,,
,CCZ9Y98,,UNIT142,211371882,915427586,,,,,,
TXN794,CF5SWUS,,,18645881,204655973,,,,,,2033-07-20
,CWQEA5T,GREEN,,12287291,494342238,-269886133,,,,,
,CHGMLTU,,UNIT73,13324679,22655929,,,,,,
,CGHYXWH,,UNIT161,13858352,391970273,40769492,,,1195,,
,CKC0WD9,,UNIT228,192658367,29348310,183913996,,,1411,,2029-09-29
,CBTRF5L,,UNIT504,563238844,607476494,,,,,,
TXN493,C8ZUNH0,GREEN,,11801843,8248123,368901219,,,,,
,CFPY2LG,APEX,UNIT175,-3301780,93611856,,,,791,,
TXN228,CSEMSZ4,,UNIT250,8634584,451364644,,,,2250,,
TXN108,CJAXUD4,,,1826947,20464921,,,,2130,,
,C6GL772,APEX,UNIT179,,22636117,,,,,,
TXN62,CDW2RPH,,UNIT302,852214562,776784152,,,,,,
TXN552,C00ZXKP,ZENITH,UNIT682,935796040,557469234,,,,,,
,C4SFGE8,ZENITH,,739774981,15167267,1348082369,,,,,
,CEQGB0M,TERRA,UNIT435,-2420677,,,,,,,
,CZVQCFR,,,4494053,253866906,,,,,,
TXN91,C6WQDWK,,UNIT377,,734906172,-751260802,,,,,
,CVLFNVD,,,18267513,866192107,494349757,,,,,
TXN343,C6VT2UY,,,568004185,27640462,254268389,,,,,
,C5JQLBB,,,5502440,,261102122,,,,,
TXN59,CWZDF7K,,,7768943,,-642315025,,,,,
TXN315,C0JSQ37,,UNIT627,25418792,11800445,469919307,,,,,
,CXS2072,,,22889128,802677880,-918019022,,,-161,,
TXN245,C4LBT1N,ZENITH,UNIT680,167834561,37769976,-562367827,,,,,
,CVDH2CD,,,9289906,521965487,-344770289,,,,,
,CB4WXFH,,UNIT180,14368438,33072957,60580556,,,,,
TXN581,CL8TAXM,,UNIT455,13592809,559223121,-37450547,,,,,
TXN113,C8LQW69,,,,611337610,-779545754,,,,2025-07-22,2025-06-24
,CR60ECZ,,UNIT241,,619087453,924608512,,,,,
,CP2PMNT,,,23182965,1029862,,,,,2025-08-14,
,CJW3HLF,,UNIT259,-940835,4857480,-595878421,,,988,,
,CPMYXWZ,ZENITH,UNIT70,11053556,546575209,-378809555,,,,,
TXN521,CVTCVQG,ZENITH,UNIT559,-2604234,860803903,226746681,,,,,
TXN134,CTHG2Y2,,,379256110,1915754,722352989,,,,,
,CWA0JM6,APEX,UNIT248,931906,503930037,,,,841,,
,C0KMZNU,,UNIT403,849268014,33709414,,,,153,,
,CF137Z4,,,391702567,19346951,904548925,592908352,,,2026-07-18,
,C44G2JQ,,,29198295,18086893,,,,,,
,CKATA2X,,UNIT391,799035679,38286883,942760864,,,3562,2026-08-09,2036-05-10
,CJYQX91,,,23947892,38742840,206739089,,,1170,,2029-05-23
TXN189,CYALBNN,,UNIT274,12589068,8652878,,,,,,
,CBS5KFS,,UNIT317,,202740768,-878840595,,,,,
,C2A6Z7Q,,UNIT52,15690026,37031432,,,,,,
,CQJ3REW,GREEN,UNIT243,6132712,2746658,451530255,,,3330,,
,CBHR700,APEX,UNIT238,19809480,30538388,,,,,,
,CRXRPW4,APEX,,4206670,16255098,-789760179,961382041,,,,
TXN350,CV50NMB,APEX,,17807193,16128655,,,,,,
TXN377,CB9MKMQ,,UNIT146,,990929718,,,,,,
TXN448,CUPCUT7,,UNIT118,531310310,756757976,,,,1486,,
TXN468,CQMZ95R,,UNIT121,736856369,544691802,240956973,,,22,,
,CYQEC7U,,UNIT64,960001162,706188026,408240179,,,396,,
,C0JW6F3,ZENITH,UNIT61,5435157,20136870,890944239,,,2241,,
TXN701,C16M0AP,,,25849033,462135654,509847585,,,,,
TXN424,C92MW61,,UNIT62,86831902,2616939,,,,,,
TXN328,CS0S66P,GREEN,UNIT544,14416892,114259636,-66549334,,,,,
TXN38,CU70LJZ,,UNIT215,19035496,816722645,-1061846333,,,,,
TXN606,CJXR0BL,ZENITH,UNIT514,565577305,,,,,,,2025-11-15
,CTJKHS4,,,10210571,94325595,405150101,,,,,
,C6UH6T1,,UNIT510,813134930,81461035,1277729570,83011303,,221,,
,CDWS45P,,UNIT13,974961601,569245296,168469162,,,1593,2025-11-03,
,CQ4YK77,,,13164191,993560886,-929333588,,,,,
,CY9ZAX2,APEX,UNIT60,24188239,809628029,623740624,,,2391,,
,CJ7RGF8,,UNIT602,29785041,,161868177,,,,,
TXN25,CCCKR7F,APEX,,26061354,386512358,-463523200,,,,,
TXN297,CTM1GWV,,UNIT629,504034740,539980657,255377540,,,,,
,C6RN578,GREEN,UNIT367,847777656,,386232743,528386413,,614,,
,CSHT7VQ,APEX,UNIT289,529525291,25113909,,,,,,
TXN110,CNEN06U,TERRA,UNIT362,426394961,1822449,,,,454,,
TXN457,C1G82PZ,,UNIT282,632596533,335692336,,,,,,
,CPAGZ7P,,UNIT388,544010483,181939749,995863881,,,96,,
TXN385,CCNAJF0,,,407868656,509165404,,,,,,
,,,UNIT590,16577179,32872495,,,,540,,
TXN646,C9MH8GW,ZENITH,UNIT465,5275713,397858788,-1019296501,,,,2025-08-28,
,CHW63BR,,UNIT581,-2108808,7687183,439224182,,,627,,
TXN425,CRV6KM5,GREEN,,858935511,,761715713,,,,,
TXN87,CG23Y1L,,,607908767,652081599,-22513201,,,,,
TXN318,C8Y9MAB,,,409488862,,-193681662,,,,,
,CW5JHSU,APEX,UNIT284,580972536,713333087,,,,,,2026-03-03
,CBHXLHC,,UNIT480,,225160782,-257216065,,,,2026-09-07,
TXN188,CU36K67,,UNIT58,26987135,10187709,273828720,,,,,
,CLDMEQS,,,794243536,28297512,967236341,,,,,
,C4VJCQ0,,UNIT661,368258123,57728387,,,,1322,,
TXN297,CTLWDQ6,,UNIT335,28143955,662132090,312534565,,,,,
,C2XLVGW,,UNIT588,3802742,948987121,386807019,,,,,
TXN770,C0VU1JZ,TERRA,,-5588227,988607295,,,,,,
,CZ25PRB,,,7172837,984993245,,,,,2026-08-01,
TXN31,CEHR2AR,,UNIT574,6060680,,329347724,,,,,2024-09-04
,C24W86Z,APEX,,18772805,872057634,94476470,,,,2026-01-21,
TXN240,C8NRJST,,UNIT56,19760300,476545581,334188946,,,,,
,CK6K9ZL,GREEN,UNIT309,28724823,30008217,361186968,,,103,,
,CH1QVRU,,UNIT681,996656133,440993140,521655261,,,,2026-05-26,2025-08-30
,CLKUJXM,,UNIT237,12991585,195055745,,,,,2026-09-01,
TXN73,C6HVD1S,ZENITH,,18165388,6753812,937409140,,,,,
TXN656,C5F20KV,APEX,UNIT579,649126810,921993240,320417213,,,2568,,
TXN370,,,,4418323,492722466,,,,,2025-09-02,
TXN132,C3GX6P6,,UNIT261,,37346858,,,,,,
TXN713,C8A6W6A,,UNIT84,28373408,858541832,,,,,,
TXN438,CU7QDVW,,,745249253,698201319,,,,,,
TXN594,C6393RW,TERRA,,,,,,,,,
TXN561,CXAC72K,ZENITH,UNIT128,4456011,13191289,,,,,,
,C998F63,APEX,UNIT361,21968067,26117072,,,,2585,,
,CSDCRQA,ZENITH,UNIT442,165476393,15110716,604543327,,,,,
TXN382,CZKCYW7,GREEN,,21054268,7612897,,,,,,
TXN448,CRFVE64,,,263710714,337973327,,,,,,
TXN129,CLC1CVG,,,9931417,96073036,296201957,,,748,,
TXN781,CRM7NZB,GREEN,UNIT641,19034434,387532660,141570569,,,325,,2026-11-02
,CCPS1H5,GREEN,UNIT49,26241010,43084982,,,,,,
TXN356,CW96F70,ZENITH,,,98775643,-37193608,,,,,
,CWAN5SF,,UNIT475,19054024,59938343,,,,,,2025-01-06
TXN732,CQDMT4R,,,28104851,798139116,683029437,,,-16,2026-02-08,
TXN76,CX897EB,TERRA,UNIT466,2106860,445030456,,,,,,
TXN734,CQ9UT63,,UNIT474,-320937,68122289,155905245,,,,,
TXN637,CYU24NU,,UNIT621,,542852131,,,716072042,,,
,C1E2YJZ,,,-2503031,-2639951,,,,,,
,CXC3FQG,ZENITH,UNIT205,766948646,29343991,,,,,2025-04-23,
TXN54,C5DGNR1,,UNIT507,,893093795,,,,,,
TXN732,CYHD71P,,,2436169,,-259320217,,,,,
TXN738,CMPYHBY,APEX,UNIT665,927793894,1026190,40857229,,,,,
TXN703,CLP2QCJ,,UNIT224,325944260,570189708,,,,-253,,
,CMPNNRG,ZENITH,UNIT633,505399339,,-735764047,,,,,
TXN114,CXTQAHS,,UNIT155,22690616,19174534,,,,452,2025-08-03,
,CQ3HN38,TERRA,UNIT28,18823252,529973005,,,,,,
TXN126,CSR6DZG,,UNIT554,660194327,13820058,,,,458,,
TXN572,CT4VHGZ,,,487282315,10749196,429726282,,,,,
TXN376,CMHZKUV,,UNIT46,775956900,447202030,247877351,,,,,
,CK24H05,,UNIT54,22586710,,,,,3303,,
TXN21,C1NVL4L,,UNIT520,15092619,36999351,275384394,,,,,
,CYB3XQZ,,,27281935,4354794,118405640,,,,,
TXN258,CPYPDEN,,UNIT495,8232409,4161624,,,,2860,2025-04-26,2024-11-16
,CDN0WRB,APEX,UNIT543,11065704,27119429,-258858923,,,3011,2025-09-21,
TXN569,CH9GZPL,ZENITH,UNIT356,880615200,803480012,142208137,,,857,,
,CDWZVBF,GREEN,UNIT78,-5058924,-2842602,,,,,,
,CDPD3EZ,,,18346883,15026521,,,,,2026-06-22,
,CYTWTY2,,,7217609,43212080,,,,,,
,C5VY9SU,,,25257617,32499861,514606614,,,,,2031-10-16
,CZNJV5M,,UNIT462,365076359,763273529,-703616715,,,,,
,C58D3A5,GREEN,UNIT671,-287724,97127095,718741699,,,286,,
TXN387,CLKZ8MW,,UNIT597,,63762829,673591462,,,,,
TXN703,C8YJCPC,,UNIT332,8011423,616190204,,,,,,
,C52ST1U,GREEN,UNIT685,30144394,406801862,527454370,,,2711,,
,CHVY3YD,,UNIT683,603662240,798623065,,,,,2026-08-30,
TXN437,CGPGGAM,TERRA,UNIT594,18403595,8073462,,,,,,
TXN517,CRHYHYY,GREEN,UNIT576,8741357,8517557,594473619,,,704,,
,CPA1UJR,,UNIT185,23147341,4502907,,,,,,
,C0ZKHV6,,UNIT164,13459656,36730614,202722237,,,,,
TXN173,CQT6NAV,,,922785062,218541453,743257403,,,829,,
TXN517,CPCL97R,,UNIT112,-4921732,,,,,,,
TXN280,C3UMKFJ,TERRA,UNIT213,992456282,35596487,1148580924,,,,2025-02-12,
,CNSXETF,,UNIT188,227037244,42702721,-17932596,,,,,
,CBF5DPJ,,,23717235,42014227,416875712,,,,,
,CJQXWHJ,,,443906931,28347469,974895404,,,,,
,CZLPVDD,,UNIT594,20404724,,587209099,,,3016,,
TXN170,CD2P5XS,,UNIT17,,91464922,,,,862,,
TXN47,C2X816A,,,724333,532382364,536570522,,,,,
,C32DTLL,,UNIT179,,628806331,,,,,,
TXN251,C7XC38Q,,UNIT412,19761478,382476513,,,,40,,
,CG2JXV2,GREEN,,,986191237,906107441,,,,,
TXN474,C87RSZ6,APEX,UNIT593,119828657,102040059,-406480161,,,,,
,C1YX35F,,,24228311,579875069,538499157,,,,,
,C18F28Q,,UNIT435,7719378,2452385,,,,,,
TXN584,CNJV60B,,UNIT387,24940460,,834976819,,,,,
,CUNGS93,,UNIT467,10565117,737205126,-644800728,,,,,
TXN350,CRDEHMZ,ZENITH,,567672958,508936259,56487522,30126513,,,,
TXN724,C7HXDHP,,,11712074,559967610,-441527146,,,,,
,CDZTANA,,UNIT186,21578578,771940838,,,,,,
,C1S9K23,,UNIT335,119736886,173396783,,,,,,
TXN282,CALFXRK,GREEN,UNIT96,24323692,,,,,2822,,
,CYXT7DC,GREEN,UNIT367,8794890,274712003,,,,,,
TXN318,C4P6DR6,,,,43733786,584098091,,,,,
,C5W2W0T,,UNIT545,,21995644,,,,,,
TXN400,CUL38R8,,UNIT260,16816595,466943551,,,,,,
,CAFDNYJ,,UNIT465,21452100,262254386,31466185,,,249,,
,CCSUWPJ,ZENITH,UNIT583,17689494,459490966,-27560421,,,584,,
TXN329,C9VKT9J,TERRA,,246868447,13601664,595959509,,,,,
,CQKBH2A,,UNIT590,25973516,10654955,,,,2006,,
,CAN8QBH,APEX,,20282850,354057436,-1218363059,,,539,,
TXN714,CWN2K4G,,,-3312616,27829911,-3078100,,,,,
TXN368,CNT5SM3,ZENITH,,165913072,426760923,,,,,,
,CCTW8EZ,,UNIT250,686300240,25024867,718335164,,,,,
TXN329,CBVPXT5,,UNIT224,13935786,610214,710825750,,,,,
,CCZ2VCF,TERRA,UNIT359,860724815,,466733972,,,,,
,CFU84U8,,UNIT315,11414095,571958922,,,,,,
,C21R552,,UNIT544,29046543,927980490,313773907,,,,,
,CGZG09D,,UNIT11,,24815402,309536002,,,1538,,
TXN290,CPEYWN1,,UNIT653,942379394,947105479,516380559,,,,,
TXN495,CTNCJ9H,ZENITH,UNIT194,2555003,7509582,352156297,,,-49,2025-07-29,
TXN708,CE7SA9Z,,,710912436,41588002,,,,2301,,
,CT9DP98,,UNIT614,14511589,18050227,,,,,,
TXN164,C6A31GP,GREEN,UNIT62,-1661287,32366162,,,,993,,
TXN611,CDCLQPF,ZENITH,UNIT189,889626698,555471800,294594795,,,,,
TXN285,CW6R906,,UNIT348,14720768,41145665,-38236273,,,,,
TXN137,C709SHF,,UNIT653,28431623,68760018,,,,,,
,CYFPE81,,UNIT88,,31753923,589558889,,,,,
TXN109,C779V9B,GREEN,,682562723,40114809,697693918,,,-324,,
,CR6AFQK,,,,7920008,,,,,2025-03-09,
,CKP8661,APEX,,6687054,3601476,,,,539,,
TXN407,C1W4PQW,,,918853851,693215992,251783510,,,,,
TXN55,C91UWQM,,UNIT124,9035432,-1184282,560123177,,,,,
TXN166,CNU3A3S,,,588987011,169385488,,,,,,
,CQVZ1PM,GREEN,,,771434685,,,,1642,,
TXN349,CFVYNV8,GREEN,,,91904957,,,,2281,,
,C4HWCYA,,UNIT432,746826820,209249280,38579138,,,,,
TXN430,CRG9CVJ,,UNIT410,12287929,601360966,147463613,,,,,
,C9CZ3YF,APEX,,10623967,146967621,185136041,,,,,
,CT3GXBT,,,-4311007,43483651,345439697,,,,,2024-12-16
,CCNRECV,,,6037443,193030414,503964835,,,,,
,CTXQGN3,,UNIT664,330715469,41384709,,,,934,,
,CHJGUGQ,GREEN,UNIT471,27455228,971016971,-824563233,,,1990,,
,CZJP51S,ZENITH,UNIT44,5497387,467417196,,,,1920,,
,CH2FCVZ,,UNIT384,579177461,905861774,213491923,,,,,
,C21R1TN,GREEN,,917279847,556596063,164537984,,,,,
TXN390,CWHMXTS,,,6179134,226460594,,,,,,
TXN496,C8E7B9M,,UNIT456,15557849,26438400,-304176692,,,,,
,CN9CMHF,,UNIT15,390946183,842528805,-147814025,,,3166,,
,CFFM3E3,TERRA,,322591863,466181435,368207223,,,,,
,CTZUEU3,,,730400310,15982616,1143750634,,,-311,,
,C94F7LP,GREEN,,9639345,8234002,146987139,,,2357,,
,CZSGPT8,GREEN,,680171532,895654493,394257822,,,,,
TXN235,CWEK1KQ,TERRA,UNIT116,682100357,35884045,913664724,157058455,,,,
,CMCA80H,,UNIT28,981609010,796102573,50105800,,,,,
,CZ49RTZ,,UNIT416,688393158,323230625,,,,,,
TXN364,C6WBTF2,,UNIT535,,11363274,579979025,,,,,
,C8J4873,,UNIT104,25626755,773997478,-493728196,,,,,
,CY20NHV,APEX,,,953110914,,,,,,
,C1EQ9XQ,GREEN,UNIT586,447827535,40941989,,,,,,
,C9W6QMP,,,669034399,106908241,,,,3137,,
,CWANEYM,,UNIT537,-5479184,338825523,-154064575,,,854,,
TXN443,C1XSQU4,APEX,,997722168,603102916,960887381,,,,,
TXN17,C2GCMD8,,UNIT625,348787342,745993036,,,,,,
TXN267,CVWD64E,APEX,,,517001674,,,,,,
TXN581,CTV8D4E,,UNIT93,29653769,390535573,22080723,,,,,2024-12-05
TXN242,CLSLZLF,,,335548338,251135005,-220968162,,,,2026-03-08,
,CJS8RTL,,UNIT18,17075178,21169424,260487957,,,,,
TXN543,C2YDP5N,,UNIT430,11960098,-1223653,,,,,,2025-05-14
,CXGYXYH,GREEN,,16205838,84880524,,,,,,
,C4FK0TH,,UNIT674,23158388,176559741,-353799198,,,,2026-05-22,
TXN61,C0WNLT4,GREEN,UNIT416,5716375,214178104,175026058,,,1904,,
,C7MKE55,,UNIT378,26047239,2635726,,,,,,
,CPG3CK6,,UNIT448,986554627,19030538,,,,,,
TXN82,CTQLT40,,,2388997,253187912,45221010,159025493,,477,,
TXN537,C0VQR7D,,UNIT334,27097762,609124300,,,,3204,2025-04-03,
TXN586,CUGL9BA,GREEN,,28570384,42944520,,,,,,2025-06-03
,CE5G89W,ZENITH,,479205581,40793482,627117018,,,3342,,
TXN1,CCVM391,,UNIT188,6706463,387446145,-474562264,,,,,
TXN773,CTN3CM8,TERRA,,10779802,477840729,,,,,,
,C0W95CG,,,29835987,32593570,,,,,,
TXN142,CUUYKPQ,ZENITH,UNIT176,121522738,1431728,,,,,,
,CJ1M0X8,,,90888850,22148514,177456808,,,,,
,C7ZLEY3,,UNIT458,9944268,531082028,-1074171087,,,,,
TXN191,CDV6EFL,,UNIT133,,22158719,723566336,,,,,
,CW93M2X,ZENITH,UNIT664,-968513,28015247,,,,,,
TXN270,CQ8YVXS,,,17171112,345659753,,,,742,,
TXN141,CXXBQP6,,UNIT216,37740800,5471492,,,,,,
TXN666,CQJEEM8,APEX,UNIT479,-5253973,6136413,613588602,,,-36,2025-06-05,
TXN47,C97094P,,UNIT347,-736755,21412404,544806270,,,,,
,CPL7Q9T,ZENITH,UNIT132,,33035045,-408461578,,,,,
TXN547,C20UK6J,,UNIT66,,38471431,888559457,,,,,
TXN52,CXQM39A,ZENITH,UNIT243,71607335,683633565,153574051,,,,,
,CSC3NXY,ZENITH,UNIT656,27832196,462616022,,,,,,
TXN89,CA75TCB,,UNIT597,711729128,-1514129,,,,,,
,C878NVP,,UNIT429,615051552,927550244,,,,,,
TXN597,CHS7S4T,,,371252578,,682252309,,,,,
,CZV63BE,TERRA,UNIT81,-550624,397470859,,,,,,
,CV9EHNV,,,-2837360,733916884,-765944260,,,1392,,
,CCHX1VP,,,156708176,,,,,,,
,CATZJYJ,GREEN,,18251247,-2577828,197328783,,,,,
TXN308,CNQSSP1,,UNIT679,656016021,263010208,,,,,,
TXN92,CG1PRNE,ZENITH,UNIT138,2498994,899486586,,,,,2025-09-08,
,CVQFT0X,ZENITH,UNIT475,621887983,33218646,705431649,,,-42,,
TXN305,CGCS3P5,GREEN,UNIT645,26743066,135066414,788670932,,,11,,
TXN581,CKKD0SJ,,UNIT625,902370138,689392726,533702040,,,,,
,CU7VS54,GREEN,UNIT461,-1811625,11114854,,,,1434,2025-03-10,
,C7H5HTR,,UNIT487,7222684,39212486,-561374704,,,,,2025-04-23
TXN157,CZ8ZMYF,GREEN,UNIT9,845947942,74929806,,,,,,
TXN470,C3F49EF,APEX,UNIT71,,34782033,1340526616,,,,,
TXN381,CJMU7GS,APEX,UNIT191,10183763,82799813,,,,,,
TXN249,CJWME47,,UNIT31,26946366,55976811,-437289064,,,230,,
,C975CKS,TERRA,UNIT215,428415829,30556228,951246617,,,,2026-04-04,
,CN5P0FC,,UNIT171,,691038648,,,,,,
TXN394,CHHEDQD,ZENITH,UNIT229,7745706,5664981,-392677655,,,-364,,2025-04-08
TXN242,CUKGNV8,,UNIT608,11321961,111224866,,,,,,
,C57BAF4,,UNIT468,612879150,593934861,,877720546,,817,,2024-10-07
,C3MJ2YR,ZENITH,UNIT371,15297310,707727276,137147724,,,1866,,
,CNMUGFJ,ZENITH,UNIT165,103546803,782269769,,,,534,,
TXN606,CBWP0S7,APEX,UNIT160,,,,,,,,
,CU2SWDN,APEX,UNIT409,5602554,162529312,348636424,,,,,
,CYKNUVH,,,-4976461,429701084,,,,,,
TXN123,C2DC5RK,GREEN,UNIT355,5100713,165831402,,,,3117,,
,C971VJN,TERRA,UNIT641,9737445,,-1727492,,,,,
,CEMFJUP,,,,,-224438765,,,,,
,CK7C1B7,,UNIT40,8521235,732675945,263672218,,,,,
,C4ANYE0,,UNIT342,21213332,277120735,-650729833,,,,2026-05-06,
TXN367,CQS1JWQ,APEX,UNIT687,49864288,474422912,,,,,,
,C0NYJ66,GREEN,,289808351,651852885,-256589548,,,,,
,CPWQG7Q,,UNIT68,,296768365,,,,,,
,C650NX3,,,2433664,42242424,,,,581,,
TXN140,C2PK9JP,,,-4768236,857122142,290311807,,,,2025-12-16,
TXN504,CUDK4VT,TERRA,,21186616,519821822,,,,,,
TXN502,CSFBAV5,GREEN,UNIT182,13069328,,407422833,,,,,
,,GREEN,UNIT346,3679573,853146958,-1036714810,,,,,
,CLSS6FT,TERRA,,25472400,14340434,210166473,,,,,
,CVEZDDG,ZENITH,,19281017,822605,,,,3433,,
TXN764,C51AHEH,,UNIT155,15698371,9178173,603712309,,,,,
,CW95BNU,,UNIT648,637488979,872820150,,,,,,
,,,UNIT280,390222892,70018919,-375115725,865499156,,,,
TXN288,CVM88AK,,UNIT517,211367378,,96788517,,,,,
,CXNG916,ZENITH,UNIT313,14068210,299730027,486915493,,,,,
,CV6YQG4,APEX,UNIT688,10391697,723256241,,412969644,,163,,
TXN105,CRGKH5G,,UNIT1,337109314,5471116,,,,,,
,CKD6XD7,,UNIT73,,878828351,,,,3582,,
,C1V4Z35,,UNIT401,28091988,448555767,,,,,2026-06-26,
,C3YEUA8,,UNIT596,19258293,818880796,-502959698,,,,,
TXN275,CNNPK2N,,UNIT209,18601134,868694412,,,,,,
,CK459CK,ZENITH,UNIT20,777312739,-1116537,,,,,,
,C6HD38W,TERRA,,,10215202,,,,,,2025-03-15
TXN633,,APEX,,27309989,39128217,681591623,,,,,
,CM419QR,APEX,UNIT209,-3423522,509089250,-52686543,,,,,
TXN588,CMWZZBG,,,3962573,32215705,,,,3309,,
TXN168,C3AQBPA,,UNIT457,74387700,173501845,361092442,,622171200,598,,
,CHTUYHY,,UNIT594,338679247,10110674,824614094,,,,,
,CH12E0A,,,9083778,948510026,-844535306,,,,2025-11-21,
,CJFURS6,ZENITH,UNIT646,6246761,8377731,-249407456,,,475,,
,CHEYHCF,APEX,,,43277748,-266186914,,,,,
,CYZ8N5P,,UNIT2,23698621,413815130,,,,,,
TXN570,C8RXZ4Q,,UNIT179,612617251,615721933,124998928,,,,,
TXN750,CVNYBTP,TERRA,UNIT60,269231841,897691847,,358022327,,,,
,CEHL0N4,,,27547413,,644705125,,,34,,
,CX8FK0W,TERRA,UNIT313,,25839281,,,,,,
,CD63Y66,TERRA,UNIT211,23094980,,315059427,,,-71,,
,CMEJZ54,,,25190823,413060659,,,,,,
,C4P9T5R,,UNIT384,19651630,,947265901,,,,2026-03-03,
TXN673,CLLAZF0,,,194539410,334161283,170219176,,,,,
TXN438,CXATD7Z,,UNIT416,3784173,506118515,,23287632,,,,2025-06-28
TXN61,CAP8K22,,UNIT256,6953238,692742514,-168654864,,,,,
,C8EWTK5,,,5618812,11283093,-301216707,,,,,
TXN571,CZZ9MN2,GREEN,UNIT20,27046634,855098934,,,,,,
TXN210,CSJ1EHN,,UNIT253,,42717501,,,,,,
,C72YCWN,GREEN,,216023322,36125978,,,,,,
,CRW7AZR,,UNIT577,377297687,24856894,,,,,,
TXN648,CVCKNBK,,UNIT178,14146424,37651707,-155097012,,,485,,2024-09-16
,CJ6DN3T,,UNIT106,467878483,808155518,93063819,,,,,
,CLYQP93,APEX,,18606931,6859994,-135948009,,,,,
TXN356,CJZB8UW,,UNIT2,7852323,805046501,-242903595,,,3365,,
,CZUTMM7,,UNIT326,5536090,20210359,,,,,,
,CRFT64W,,,974790508,11466714,1296020704,,,,,
TXN143,CJHYZK1,,UNIT342,620946720,13399722,,,,455,,
TXN377,CNY3HAJ,,,,18233273,,,,3486,,
TXN741,CXM46AH,,UNIT394,427975252,66885709,471464518,,,,2025-11-13,
,C7Q4AV4,,UNIT131,,392056644,,,,2098,2025-01-28,
TXN472,CZ5Z481,,,-2676717,186820623,,,,,2025-02-15,
TXN90,C0W46ZD,GREEN,UNIT254,-3339532,225007884,,,,,,
,C5E9VMM,GREEN,,18896043,14694920,,,,908,,
TXN278,CM433VL,,UNIT170,24589229,31917369,-88826525,,,,,
,C95K7S1,,UNIT282,3036075,-650662,,,,2616,,
TXN429,CDRBBG6,,,-1185529,20046142,441045745,,,,2025-05-01,
TXN520,CCPTSU6,ZENITH,,3954483,956760067,,,,,,
TXN772,C2UE0MZ,GREEN,UNIT558,26034618,402629702,-615385580,,,,,
,CP5T6V8,,,280694,968217182,-695573349,,,,,
,CMVENG7,,,524983860,21649128,,,,,,2025-05-09
TXN177,CS76RTY,TERRA,UNIT347,13036216,10794129,,,,,2025-08-03,
TXN134,C062W6J,TERRA,UNIT503,-2677495,541693305,-359274099,,,,,
TXN711,CH1QM2Z,APEX,UNIT682,43437590,958722326,-463877295,,,,,
,CJK7FNH,GREEN,UNIT352,,595311298,-268117259,,,,,
TXN509,CCZGD0A,ZENITH,UNIT328,12289020,17638071,,,,3116,,
TXN54,CD7Z01Y,,UNIT4,,941336242,,,,1719,,2030-09-24
,C4Y1QHF,,UNIT170,,473735205,,,,,,
TXN25,C8ESTYK,GREEN,UNIT273,-2733977,,,,,1314,,
,CW4NM4Z,GREEN,UNIT337,955664512,662134122,,,,,,
TXN653,CS6GY74,,UNIT180,17620699,501670662,,,,,,
,CDBCT62,APEX,,4236075,,,,,,,
TXN357,CLJV1SF,,,-2297611,17779833,-92138280,,,,,
TXN66,CFELD1J,,UNIT117,21777558,924651102,,,,,,
,,ZENITH,UNIT69,2431466,15919126,727810493,,,,,
TXN105,CHQQK48,GREEN,,306144090,-663748,355168049,,,,,
TXN518,CN15C8J,,UNIT268,9903881,79218732,-49257710,,,812,2025-08-10,
,CWXZMX4,,UNIT219,6972016,222796595,231660252,,,,,
TXN560,CRJ5DYB,,UNIT357,8067150,783387734,,,,,,
,CDQ99C9,,UNIT49,581855745,28459516,1064062316,,,,,
TXN736,CCFT9QL,,UNIT88,10706533,794613948,-328608507,,,,,
TXN343,CQQZ8W3,GREEN,,8368123,668605142,86381291,,,739,,
TXN394,,,UNIT653,-2343314,20444088,,,,802,,
TXN214,C5YSPH5,,,,304122772,,,,,,
TXN741,CQV4210,APEX,,24448427,702619645,-690223027,,,,,
TXN18,CG2EV21,APEX,UNIT246,12504531,,,,,,,
,CXX7QH6,,UNIT47,646887056,176482533,,,,,,
TXN196,CHL5B89,,,761735310,648859451,,,,77,,
TXN645,C74X6LP,,UNIT653,235405249,49684815,723226169,,,,,
TXN526,C71Q7QC,APEX,UNIT535,1914057,9534596,,,,,,
,CEZANNH,,UNIT210,4693452,662640065,,,,,,
TXN574,CE5XLTL,TERRA,UNIT626,-5154709,184270602,116584934,,,,,
TXN193,CMU8RAZ,,UNIT331,16114140,37782194,352781116,,,,,
TXN518,CPS1G92,APEX,UNIT96,26313829,373988166,,,,,,
,CY07R53,,,726251963,14751739,649395197,,,,,
,CC72TRM,GREEN,UNIT639,,522114313,501076772,,,,,
,C8S0KES,TERRA,,-155810,85911064,,,,,2025-12-22,
,C62ER2T,,UNIT374,14219180,835447883,,,,239,,
TXN59,CP7SU5J,,,-3321372,2510798,200809397,,,,,
,CK34Q0Y,,UNIT595,18734837,745157774,650419526,,,207,,
TXN127,CTTFNZ5,,UNIT99,14730543,167061819,80087995,,,,,
TXN745,CWUEDLW,GREEN,UNIT412,,15092196,653708610,,,1763,,
TXN275,C5WH8BR,,,562228252,22776574,,,,,,
TXN205,C4C46T3,,,572077363,970330759,-522484282,157229383,,,2026-08-28,
TXN443,C6H9VTK,,UNIT95,16065231,36219649,-495861883,,,,,
TXN610,C4E2K41,,UNIT288,,472485572,,,,,2026-09-11,
,CJKEDB0,,UNIT404,434814139,360126340,,,,2746,,
TXN7,CE8D40J,,UNIT49,758642666,12369075,1425837180,,,,,
,CDXSDEA,,UNIT414,,27246764,265686485,,,,,
,C1CXGXF,APEX,UNIT182,28410792,,,,,,,
,CNEENKF,ZENITH,UNIT511,328999497,159467982,-174315002,,,67,,
TXN675,C32B3AN,,UNIT505,,43560148,,,,,,
,CUVGBS0,APEX,,5478380,985545659,-1100711463,183649942,,,,
TXN38,C8JL42X,GREEN,UNIT69,17580394,7135359,580360200,,,,,2026-09-13
,CWDD9YJ,APEX,UNIT498,11891607,15522703,,,,,,
TXN711,CLMR00Y,,UNIT385,785498161,664150010,18821138,,,,,
,CK33HB3,ZENITH,UNIT615,151888865,281020277,523290068,,,,2026-05-26,
,CY21RH1,,UNIT310,7654784,252649001,77598401,114073367,,,,
TXN176,CZCUHH6,,UNIT444,22833606,365144137,-389898471,,,,,
TXN305,CEBXH26,APEX,UNIT344,23421506,693722161,,,,,,
TXN232,CAX8NL6,,UNIT462,7833221,224201638,,,,,,
TXN96,C1PYCFF,TERRA,UNIT529,28875145,11149893,-647593486,,,,,
TXN461,CM0J94P,,,623615535,446752143,333878859,,,,2025-08-20,
,CRYFH9A,,UNIT447,567463902,17758108,557943702,,,,,
TXN96,CFNETPK,,UNIT442,,339200705,-157466565,,,587,,
,CPFWR5H,,UNIT638,-506373,-1269038,-306837369,,,519,,
,CBNBMS0,TERRA,UNIT491,21596333,672436532,313152988,,,,,
TXN618,C5ZGQZA,,UNIT261,705598670,6976794,,,,,,2025-09-22
,CC02K29,GREEN,UNIT465,28607043,305992286,-306690825,,,,2026-03-01,
,C9VEYZW,,UNIT45,20080236,37724620,955824449,,,,,2024-12-08
TXN725,CP0LBCA,,,,15831329,1507548119,,,,,
,CT7CPQR,,UNIT377,,560398947,,,,,,
,CUP4K51,,,213443635,1746311,-437143436,,,,,
TXN153,C2H60GT,,UNIT45,15009898,,182035910,,,,,2034-08-22
,CCZ8N1Y,,,-1058333,171055737,517578062,,,,,
TXN265,CFZ7P3T,,,829332791,165075326,,,,,,
TXN280,CH7635C,,UNIT378,777855726,468736348,,,314933966,201,,
,CXFURBH,ZENITH,,,9558330,1437704326,,,573,,
,CAKFM94,,UNIT507,987574979,730589018,464720091,,,,,
TXN127,CYTP635,,,-1537551,324721574,-255635561,,,,,
TXN255,CGXSA80,,UNIT282,566180458,583937043,858430865,,,,,2025-05-14
TXN122,CKRKRCK,APEX,UNIT128,,,,,,,,
,CGNTA4H,TERRA,UNIT336,27980952,838034411,301832013,,,,,
,C17G9Z4,,,883384629,898149937,-499533441,,,,2026-07-22,
TXN327,CA0EJEW,,UNIT565,29775191,735962895,,,,,,
TXN681,CMR17MT,GREEN,UNIT460,22250580,886571099,,,,,,
TXN266,CF9VBZU,,UNIT264,605990538,463536513,-599454457,,71682209,,,
TXN589,C7SF5J3,APEX,UNIT420,,15239235,795640169,,,871,2025-10-23,
TXN734,CSK8JGP,,UNIT249,,23954523,687682637,,,,,
,CU4UGV5,,UNIT458,,8631825,230062264,,,,,
,C96546N,GREEN,,945564166,746361553,580110207,,,,2025-05-26,
,CW7UVCK,,,,539812360,269470744,,,,,
TXN602,C515TXX,,UNIT100,14461712,62772354,,,,,,
,,,UNIT50,925956230,731130530,-20038604,,,1630,,
TXN446,CKAVGLL,,,346414152,14259620,310406389,,,,,
TXN481,C8AW3HL,APEX,,7548792,,-778369545,,,,,
TXN63,,ZENITH,,18056864,-2639909,480879998,,,,,
,C45AYN3,GREEN,UNIT315,89138179,986508899,-669041774,,,1213,,2024-04-14
TXN353,CY4TM2Y,,UNIT463,14728642,523380559,-145062920,,,726,,
TXN15,CYVSMQ8,ZENITH,,4365940,511075943,600263430,,,164,,
,CN4T8YS,,UNIT13,29639955,39787600,53253669,,,,,
TXN113,C0QZ2ZC,,UNIT29,20187859,448314464,233060282,,,,,
,CTQF9G8,,UNIT81,-4947768,,-651185884,,,,,
,CTPTYKU,TERRA,,310132357,969891073,,,,1422,,
TXN77,CBX898X,GREEN,UNIT487,12359641,32138980,,,,,,
TXN543,CFYJU9S,TERRA,,19586184,258882872,,,,,,2025-02-16
,CHMS6PG,,UNIT11,402746862,248865440,180264570,,,,,
TXN349,C8B66A4,,UNIT343,,129739309,97188427,,,,,
,CFWHJL0,TERRA,,-3028019,808799390,,,,,,
TXN203,CLKGJS3,ZENITH,UNIT267,14100395,5510388,-498438043,,,,,
TXN614,C3ZJFUP,ZENITH,UNIT310,969245,12023376,,,,,,2028-04-24
TXN554,CEQHS7J,ZENITH,,807555177,91176067,,391162241,,222,,
,C0RPL4Y,ZENITH,UNIT312,592140331,26869022,,,,,,
TXN425,CE4KX4Q,,,,355931939,322734436,,,66,,
,CH4ZQ6Z,,UNIT411,51458385,212500954,-873923895,,,,2026-01-05,
,CLMUL1W,,UNIT577,6222190,415818343,,,,811,,
,CVS6T3J,ZENITH,UNIT585,16592417,836378075,-975636359,,,,,
,C2C1ZMY,,,24765372,27348161,340177395,,,,,
,C63G9P2,APEX,UNIT293,24303797,444596690,-418621599,,,,,
TXN573,C1EC4Q2,,,95358490,,844978709,,,,,
TXN371,CQQPBL7,APEX,UNIT506,26958206,30943615,481292345,,,,,
TXN635,CPHZU50,,UNIT687,709731331,385080539,789849071,,,,,
,CU568J0,GREEN,UNIT250,,137266669,,,,,2026-08-19,
TXN763,C86GZAK,,UNIT625,877647269,86129653,327734522,,,,2025-07-16,
,CHJF9W2,,UNIT330,11228446,889004527,-927054497,,,,,
TXN336,CUGLBRM,,UNIT24,-3399055,798686768,,,,,,
,CFH32LM,,UNIT629,21922296,873072859,,,,3200,,
TXN790,CTGGLSD,,UNIT397,147407341,810146691,,,,3053,,
,C4U0JP8,,UNIT387,178280034,4127899,731708218,,,,,
TXN34,C52MHZG,,UNIT272,805434185,194132286,,,,,,
TXN508,CWRULN7,,,,894860523,,,,370,,2026-04-16
TXN685,CMBHTYC,,UNIT291,378993417,333116806,-206081873,,,,,
TXN580,CAA5F11,GREEN,UNIT598,25176858,868040036,,,,,2026-07-11,
,CQ6551T,ZENITH,UNIT327,516511042,35590164,793129501,,,,,
TXN769,CPAD1Q4,TERRA,,6481314,5600349,,,,-27,,
TXN319,CHF8FPM,,,,17718294,,,,,,
,CDGS5EF,,,22301077,536267328,,,,,,
TXN200,CZBAYRB,GREEN,,,8510606,716664573,,,,2026-08-15,
TXN472,CRR7QV9,,UNIT150,6497185,181351,,,,,,
,C63R3WY,,,29796423,900125978,-606943484,,,,,
TXN788,C5SD3PZ,,UNIT171,,782659477,802285938,,,,,
TXN583,CPF39D6,,,19520739,863456481,,,,,2026-06-29,
TXN421,,,UNIT351,212091411,438253505,,,,,,
,CMPDAWJ,,UNIT647,552585751,16190408,1101271294,,,,,
TXN139,CZK1CP7,,UNIT683,586324642,411464200,,,,,,
TXN51,CUQP6CP,,,1907008,621015184,970111129,,,3126,,
TXN732,CV0TQ9T,,UNIT449,23858080,564127060,-98970128,,,825,,
TXN530,C92VPNB,,,6249427,155682671,,,,2651,,
,CEE5YQ1,APEX,,421744631,189006066,448545871,,,,,
,C87FQ2H,ZENITH,UNIT267,8958155,767614068,,,,,2025-03-05,
,CRZM3Y3,,UNIT448,,342820443,,,,,,
,C97RQWM,ZENITH,,752858089,5989286,,,,,,
,C9L3C2U,,UNIT539,11467185,,,,,757,,
TXN182,CXUGRV5,,UNIT215,940872130,382895920,808518161,,,,,
TXN65,CR0F0H5,,UNIT418,17572920,,291258377,,,,,
TXN694,CGKQAPB,,,6080067,79227950,,,,,,
,CW2EAZB,,UNIT386,-3566847,13726353,712039108,,,,,
,CY8G5L1,,UNIT439,3650530,38954741,620636700,,,,,
TXN291,CT3KUSZ,GREEN,,392344872,452847519,-989031348,,,,,
TXN424,CQJ0UQQ,,,637511788,31632809,1401588232,,,993,,
,CWZ3F4Y,ZENITH,,3761629,34523498,,,,,,
TXN177,CTKLYWF,,,17012144,307888045,,,,,,
,C2X6UP4,GREEN,UNIT563,284277315,938391160,,,,2396,,
TXN762,CTAFHGF,GREEN,UNIT104,178727823,268981253,108940411,,,1166,,
,CZTBEGY,ZENITH,,94333478,33590683,70481759,,,1279,,
,CGWPPQ1,GREEN,UNIT360,,30821888,,,,,2026-06-22,
TXN659,CE7JQVS,,,16077055,502121037,331512022,,,,,
TXN60,CZYLJHA,,UNIT208,186534401,2527924,233555008,,,,,
,CJCT80L,,,24634837,32564693,,,,,,
TXN24,CGVPUHB,,UNIT141,329984379,635296876,,,,3382,2025-04-13,
,C5Y1XEM,,UNIT255,454756635,717305097,537305086,,,,,
TXN397,C8PT3H8,,,,17981926,-1800628,,,,,
,CWZQRHC,ZENITH,UNIT306,,17286400,365876078,,,,,
TXN289,CKUHJB7,,UNIT613,,563020643,,,,1107,,
TXN232,C20302P,,UNIT407,49614141,30930685,,,,229,,
TXN125,CRUY8ZT,,UNIT340,18129375,32775415,,,,1473,2025-11-06,
TXN604,CBG75C6,,UNIT113,-3847847,18580454,,,,,,
,CRTBMCS,,UNIT78,,906250164,,,,,,
,C96M1ST,,,4043968,166365319,,,,,,
,CJAQJ5H,,UNIT454,17860806,85210223,,,,3434,,
TXN331,CG8PYQU,GREEN,,770757875,267565519,897450788,,,,,
TXN334,CPU0MXJ,,UNIT145,485427549,34971164,,,,576,,
TXN708,C3NP6HY,ZENITH,UNIT626,28349629,970633024,,,,,,
,C8HE247,,UNIT324,25961186,651931244,-528103466,,,,,
TXN109,CGSHLGL,,UNIT212,-2606322,28654551,,,,,,
,CHCE2NP,ZENITH,,,904042766,,,,,,
,CUPXLF6,,,19306650,217637717,,,,,,
,C391FBH,,UNIT116,18211531,95175469,515808317,,,,,
,C671SE2,APEX,,183765442,,473547585,,,,,
,C63GASR,,,988273838,868016325,910274603,,,,,
,CMK25PN,,UNIT211,740073166,21114784,,,,1949,,
TXN500,CD7JTHT,APEX,UNIT512,728385888,33825091,,,,,,
,C2PWUNU,GREEN,,604561687,757522120,,,,,,
,CFAPSGA,,UNIT126,6070494,28206777,829695614,,,2133,2026-01-13,
TXN293,CNJ9425,,,486934676,374819632,401893523,,,,,
,CJHNKS3,,UNIT555,27607345,123845820,,,,,,
,C1U7PFZ,,,31558610,531231311,-395726351,,,3441,,
,CZTFPN7,,UNIT350,6817791,2551364,,,,,,
,CJNPWTZ,,UNIT139,485219217,-2065757,,,,,,
,CU9H1AK,,UNIT616,25974322,304299794,98996316,,,,,
,C5EYR1Y,,UNIT462,112309937,25743315,,,,2068,2025-12-18,
TXN62,CSBA0EV,,UNIT27,-5147060,39304239,,,,,,
TXN496,CE9ZVJ9,,UNIT458,21819182,990259288,97898291,,,2051,,
,C6M18WC,,UNIT449,763792020,656129165,598103535,,,1134,,
,CE3MHUB,APEX,,235108217,582646083,317197844,,,3442,,2025-09-13
,CP2DG12,,,7463649,31033011,,,,,,
TXN344,CRM79LA,GREEN,UNIT164,431908472,471926720,533211028,,,,,
TXN141,CW71H72,,UNIT647,23446887,353736636,57553146,,,,,2028-04-11
TXN405,CWPV703,APEX,UNIT625,5826419,70787157,995330896,,,,2025-08-20,
,CYRKYRR,,UNIT530,639148813,16549997,,201908431,,,,
,CXRCNGB,,UNIT55,775484871,9129096,,,,60,,
,CHZNVSR,,UNIT55,-2374565,244533943,-460446473,,,,,
,CNMFNT8,,UNIT559,6508048,441518422,589207194,,,2521,,
,C44Z5KK,,,19580444,,-1001853239,,,,,
,C1LGMN5,,UNIT648,28516429,266362356,,,,,,
TXN231,CSGJWXK,,UNIT519,-376162,534536555,,,,757,,
TXN73,CV1GWNT,ZENITH,UNIT79,-3673058,431104258,-1282636751,,,,,2025-06-19
TXN216,CEVVN9Q,,UNIT475,24055721,4680645,,,,,,
,CXD5TXP,APEX,UNIT461,-2857649,,189394221,,,1293,2025-08-01,
TXN535,CLDQ0AG,,UNIT405,21436883,25556660,,,,,,
,CJGQ4B0,APEX,UNIT332,18656484,887915601,-633085108,,,,2026-03-24,
,C2SRP1B,ZENITH,,24458856,,,,,,,
TXN116,CF8583P,APEX,UNIT481,15174414,-45383,725607975,,,,2025-07-26,
TXN164,C23HXSJ,,UNIT497,,,,,,,,
TXN791,CWAWPGE,,,498554425,180636804,243309913,,,,,
TXN492,C7K1X88,,,548971781,651265672,405154907,,,582,2025-03-08,
,CCXG07N,APEX,UNIT429,22329785,711154197,-520459582,,,1901,,
,CTYXV9M,GREEN,,480192576,,970305923,,,1559,,
TXN548,CRTWYSV,ZENITH,UNIT374,913033868,,,,,275,,
TXN650,CSCY8HY,GREEN,,6220857,6471677,695162347,,,,,
,CMLQUJV,TERRA,UNIT546,311343472,41485970,,,,,,2026-07-22
,C557A87,,UNIT143,11345944,,,,,789,,
,CWTFZLR,,UNIT494,10844816,631983576,-409631191,,,,,
TXN427,CBG5L98,GREEN,UNIT353,14247557,27624213,32673111,,,,,
,C5RUHTY,,,11545304,376568931,-767041041,,,,,
,CRCD15T,,UNIT628,6208110,,-688410890,,148522501,496,,
,CBF1LE3,,UNIT477,644272153,14705398,,,,,,
,C1KX55P,APEX,UNIT659,987252985,185089347,1028706403,,,,,
,CVH3DY9,,UNIT284,932946404,,,,,884,,
,CZ1YPCJ,,UNIT364,549490599,5687950,517409513,,,376,,
TXN448,C5WHFF9,GREEN,UNIT101,864689066,794171460,,,,1457,,
TXN326,C8LC7W3,GREEN,,335702223,434620042,-122949415,,,,,
,CVU7J7R,,,,42302172,743232620,,,,,
TXN524,CULXXPY,,UNIT389,6083118,-2405204,,,,3226,,
,CFDDFSS,,,18597669,37029302,37246414,,,,,
TXN264,CQJLBDR,,UNIT642,27240727,196854652,,,,,,
TXN501,CVM4Y0K,GREEN,UNIT214,-5158845,,,,,,,
TXN680,CX5B5DT,,UNIT504,12725616,7167828,,,,,,
TXN674,CUBRHWE,ZENITH,UNIT661,977424196,443932452,,12471086,,,,
TXN377,CA02KBW,ZENITH,,233855450,722112867,-745943666,,,,,
TXN450,C6UYN4K,GREEN,UNIT268,11865850,16253591,,,,2573,,
TXN538,CUV8C71,,UNIT211,13310923,640642621,-777474650,,,,,
TXN508,C2G2V54,,UNIT563,8414524,9410076,,,,,,
TXN595,,APEX,,6098064,393778475,,,,,,
,CY5ZUZS,,,16188530,338663421,,,,,,
,CZ3P5RU,ZENITH,,18496545,31776779,,,,473,,
,C0M1AE2,,,-1993614,436219389,-161520150,,,,,
TXN34,CJVH396,,UNIT403,227216714,196167309,,,,,,
,CQVQQNQ,,UNIT153,544716293,5937141,24570075,,,,,
,CT8D9VQ,,UNIT268,7063661,37963601,,,,,,
TXN404,CWT4U5R,,,19607552,302595202,21363590,,,,,
,CUBC5ZV,,UNIT483,16761905,166409931,,,,664,,
,C8B00YE,GREEN,UNIT430,47639153,,,112713937,,,,
,CYNE6XQ,,,379868125,82676178,489497412,,,,,2025-09-04
TXN105,CMBU0H8,,,-57391,731095140,-940590535,,,1922,,
,C1KUTC6,,,25672178,235943174,167714855,,,273,,
TXN268,CH9LX6E,,,450546651,241185280,,,,,,
,CVHHHHZ,,UNIT173,15894237,459250691,,,,405,,
TXN194,,ZENITH,UNIT607,20336891,119106065,511562345,,,,,
,CK5Y9RZ,GREEN,UNIT334,892614490,,628166728,,,,,
,CGERUYL,GREEN,UNIT321,8035817,,-71833465,,,1734,,
,CDTB0A1,ZENITH,UNIT509,-1596146,22484106,,7378744,,,,
,C6SH13G,,UNIT353,-5183621,1760267,,,,890,,
TXN142,CBVA8JN,,UNIT468,10911504,389206335,-354017783,,,,,
,C7H7EZ3,,UNIT649,500249875,761960868,210208668,,,,,
TXN616,CAHFF3L,,UNIT385,19597130,838227952,,,,,,
,CUE10QW,,,4596824,34408369,664474308,,,,2026-07-17,
TXN66,CBGQM9H,,UNIT195,5726044,24405918,-461396330,,,,,
,CY54ULF,,UNIT199,180278565,990031845,-596097332,,,738,,
TXN158,CUW700Z,GREEN,UNIT134,1326821,17774544,-127428173,,,,,
,CSUHK6F,,UNIT647,8628480,41934813,553573103,,,532,,
,C2NREZ9,ZENITH,UNIT462,1582758,8518918,-448120748,,,215,,
,CU4EQ2U,,UNIT559,19418836,22241909,,,,,,
,C3MZP17,,UNIT356,13579183,,378746309,,,,,2024-11-25
,CNHC317,,UNIT193,-1800964,470059061,-23198582,,,,,
,CL8U3QQ,GREEN,,1892412,32668641,518044804,,,,,
,CL8V977,,UNIT580,-1305904,20845971,,,,,2026-07-10,
TXN665,CQBEBKY,,UNIT153,9087738,347181035,219409953,,,,,
,CUXPMMY,ZENITH,UNIT142,404331482,541234065,338541138,,,390,,2027-03-07
TXN548,,,UNIT535,20095107,7246022,-131966548,,,,,
,CZE1PKX,APEX,UNIT12,-3797136,921386712,513011179,613955705,,3536,,
,CHNADBS,,UNIT374,,24317673,,,,,,2025-04-13
TXN476,CW1R259,ZENITH,UNIT654,16428278,308961049,,,,,,2025-01-16
,CA62ST0,APEX,,-3865552,119283894,,,,,,
,CC73Y5W,TERRA,UNIT456,5116119,640831318,858419931,,,2183,,
,CJ3S6R0,,UNIT617,3858489,15750846,443742786,,,,,
TXN492,CZ7MAXE,TERRA,,,29418588,,,,,,
,CVYWRFG,,,4092886,73889263,,,,496,,
,CSW9R87,,UNIT20,10055118,97486622,-530617834,,,,,
,C3MH7T6,,UNIT613,,288029248,137850612,,,,,
,CPJ4G5N,,UNIT520,,987808718,,,,,,
,CT9TQN6,GREEN,UNIT500,,174697693,-468190529,,,,2025-04-10,
,,APEX,UNIT513,7447172,32447720,-637297799,,,,,
,CE9Y7Z3,,UNIT97,16506447,865949158,892135770,,,,,
,CSFFS35,,UNIT655,5628113,349284253,-5825274,,,1192,,
,CNMXWFE,,UNIT248,666300980,361734503,,,,,,
,C75GENR,ZENITH,,-3768850,1648503,,,,,,
TXN419,CBMY4TT,TERRA,UNIT361,-2966057,335534449,,,,2556,,
TXN478,CGM29N5,TERRA,UNIT222,,17629400,,,,,,
,CNV9M8R,,UNIT385,28846640,6923398,,,,-351,,
TXN529,C6UAKE6,,,10312529,570044456,29896768,,,,,
TXN444,CGT3B7L,GREEN,UNIT174,26015338,108150617,365447024,,,,,
,CPYDZL1,,UNIT344,6107919,857764104,-957517595,,,,,
TXN229,CDKSAS6,GREEN,UNIT615,992755175,,,,,,,2025-06-18
,C9DHPE5,ZENITH,,685285449,641279095,,,,,,
TXN219,C16X5FT,,UNIT145,24858597,26575483,,,,,,
TXN513,CT8EVHB,,,979335775,15966713,,,,,,
,CCZWUQF,ZENITH,UNIT641,193767823,660062487,-293321889,,,,,
,,,,10699759,707018740,,,,818,,
TXN379,C49MV80,,UNIT551,16419302,,,,,,,
TXN418,,APEX,UNIT548,20999782,7487910,-283995740,,,1009,,2025-01-19
TXN338,CPUDGCR,,UNIT150,-1376457,3637462,,,,,,
,CKQEA96,,UNIT533,751253430,18033836,,,,,,
TXN542,CY7MZQB,,UNIT222,25914784,490645206,,,,3359,,
,CWT7XWV,,UNIT517,-2707649,310295721,,212778439,,,2025-02-10,
TXN162,CXBHG05,GREEN,,25573026,764982454,-182006526,,,,,
,CW7NK67,TERRA,UNIT466,224053295,168262797,-64203634,,,,,
TXN258,CJVV73A,,,831674076,1388644,,,,,,
TXN476,CZGAA85,,UNIT10,272662311,18618891,,,,118,,2025-06-18
,CH5ETV1,,,28431517,26635775,-482065178,,,97,,2026-08-27
TXN58,CWD2F2G,TERRA,,601214570,,609771557,,,,,
,,,,,34585397,-587844719,858080669,,2469,,2025-03-02
TXN261,CQ96083,ZENITH,,-3408043,206506410,453411892,,,,2026-03-14,
TXN315,C8XQKFU,TERRA,UNIT539,2491542,522518004,,,,418,,
,CEH5969,,UNIT350,715276742,967960167,-391756542,,,1327,,
,CGX3WLR,,,8225743,48462858,73255135,,,,,
,CJ5G0YG,APEX,UNIT21,29218554,3362840,-99158028,,,,,
TXN693,CKB7FT2,APEX,,21121681,55658448,265112189,,,,,
TXN3,C01QPJK,APEX,UNIT203,23854090,,51053059,,,2842,,
,CUV6XH1,APEX,UNIT300,571313819,725708257,-229687562,,,,,
,CR0CR1N,,UNIT95,943132362,473109522,,,,,,
TXN281,CQV42A5,,UNIT604,18189549,500404617,-30258107,,,949,,
,CHS57GQ,,,5665482,,-1097320865,,,1650,2025-08-22,
TXN461,C4432Z4,APEX,UNIT91,740405,34946521,84066564,,,,,
TXN329,C3N77SP,,UNIT25,5210426,623323820,-154617257,,,,,
,CB5MS50,TERRA,UNIT625,1995684,625496608,-757597448,,,,,
TXN260,CF4QYQZ,TERRA,UNIT33,30093903,878338891,,,,,,
,C5PWPQH,,,3687723,32142528,,,,,,
TXN664,CZTQ6HC,,UNIT320,532389,395030237,384085565,,,-331,,
TXN145,CCCVPJ9,,UNIT284,222827105,520961920,-900811488,,,,,
,CATHRNY,APEX,,535562375,525745918,424693661,,,2185,,
,CURYB6P,,,8844629,286320529,11852296,33353590,,114,,
,CMBWNSC,,,24351695,4797236,,,,,,2025-11-15
TXN646,CXV251M,ZENITH,,3243607,30643711,556160927,,,2567,,
,C8DRWUF,GREEN,,828951472,521240834,598562259,,,,,
,CPN40YA,,,30037041,588378632,-524662312,,,,,
TXN430,CF2FP4M,APEX,,781380800,704160462,-737466371,,,,,
,C3QZFXK,GREEN,,,846281312,-739708866,,,,,
,C2G0FN9,TERRA,UNIT8,-3914090,31988908,556689525,,,,,
,CQJCEKW,,,13534349,11997599,,,,,,
TXN636,CYAP4KU,TERRA,UNIT58,605865554,720908674,907939186,,,775,2025-05-15,
,CMGVSE6,GREEN,,,34670942,377673446,,,,,
TXN770,CJ9LBT6,TERRA,UNIT19,3844781,12122685,55510843,,,,,
,C1G0GEZ,,,525054646,211697290,312525503,,,,,
,CKNT1HA,,UNIT318,456831338,25148655,319534782,,,,2025-12-22,
TXN134,C0YNUTF,,UNIT119,-1263256,104310561,-188133629,,,407,,
TXN301,CU1G1AF,,,655676545,883985071,-531443064,,,,2026-05-14,
,C1X3TUR,ZENITH,,-2118544,2135851,,,,,,
,CJK0VHB,APEX,UNIT375,788404542,921580152,,,,,2025-07-13,2029-02-26
,C0JHJ1J,ZENITH,UNIT348,10469608,25713761,-236800863,,,,,2026-08-29
TXN312,CK4JW4S,,UNIT270,306445384,839131053,873673686,,,,,
,CGHTQGB,GREEN,UNIT366,3651388,16619008,,,,-41,,
TXN199,CNEG0XU,,,29163701,11038963,,197762757,,,2026-09-10,
TXN68,CMJU77V,,UNIT80,20035432,39211239,,,,,,
TXN149,CTLVNQ8,APEX,UNIT369,23260962,125189919,,,,,,
TXN620,CGRKLPS,APEX,UNIT101,18863563,974489743,817012425,,,463,,
TXN520,C4HXVPS,TERRA,,286250188,42092021,,,,,,
,CG35XGE,,UNIT264,4812636,319233099,-291279336,744241006,,,,
,CD4H1JF,,,22618083,,,,,,,
TXN447,C78DJMK,,UNIT32,17102814,26244605,,,,,,
,CU3LTNX,,UNIT599,985888378,834717166,,,,1229,2026-03-23,
,CN602X4,ZENITH,UNIT611,610216861,444270423,,,,,,
TXN326,C8LW09D,,UNIT114,17887411,37440287,,,,729,,
TXN303,C4SL4AN,,UNIT139,14477601,620036580,,,,,,
